true,svm,xgb,rf,nn,nb,dt,pdb_name,chain,residue_id,residue,one_part_chain,another_part_chain,x,y,z
0,0,0,0,0,0,0,1AO7,A,43,GLN,ABC,DE,68.279,20.551,4.138
0,0,0,0,0,0,0,1AO7,A,55,GLU,ABC,DE,82.711,20.024,14.847
0,0,0,0,1,0,1,1AO7,A,58,GLU,ABC,DE,84.379,22.522,6.945
0,0,0,0,0,0,0,1AO7,A,61,ASP,ABC,DE,80.332,20.392,4.997
0,1,0,1,0,1,0,1AO7,A,63,GLU,ABC,DE,80.383,16.157,4.083
0,0,0,0,0,0,0,1AO7,A,64,THR,ABC,DE,77.742,16.655,3.499
1,0,0,0,1,1,1,1AO7,A,65,ARG,ABC,DE,77.83,16.947,0.711
1,1,1,1,1,1,1,1AO7,A,66,LYS,ABC,DE,78.68,14.339,-0.018
0,1,0,1,0,1,0,1AO7,A,67,VAL,ABC,DE,76.471,12.883,0.849
0,0,0,0,0,0,0,1AO7,A,68,LYS,ABC,DE,74.566,13.584,-0.868
1,1,1,1,0,1,0,1AO7,A,70,HIS,ABC,DE,75.123,9.81,-2.681
0,0,0,0,0,0,0,1AO7,A,72,GLN,ABC,DE,71.637,10.408,-5.133
0,1,0,1,0,1,1,1AO7,A,73,THR,ABC,DE,72.748,8.246,-6.555
1,0,0,0,0,1,0,1AO7,A,74,HIS,ABC,DE,71.148,6.234,-5.477
0,0,0,0,0,0,0,1AO7,A,75,ARG,ABC,DE,68.554,7.082,-6.195
0,0,0,0,0,0,0,1AO7,A,76,VAL,ABC,DE,68.635,6.744,-8.915
0,0,0,0,0,0,0,1AO7,A,80,THR,ABC,DE,66.541,1.594,-12.178
0,0,0,0,0,0,0,1AO7,A,146,LYS,ABC,DE,79.06,-5.764,-13.063
0,0,0,0,0,0,0,1AO7,A,151,HIS,ABC,DE,85.627,-1.878,-10.135
0,1,0,1,1,1,1,1AO7,A,152,VAL,ABC,DE,84.799,-1.627,-7.336
0,0,0,0,1,0,0,1AO7,A,154,GLU,ABC,DE,87.433,-2.915,-4.147
0,1,0,1,1,1,1,1AO7,A,155,GLN,ABC,DE,87.693,-0.296,-3.459
1,1,0,1,1,1,0,1AO7,A,159,TYR,ABC,DE,88.43,1.837,2.551
0,1,0,1,0,1,1,1AO7,A,163,THR,ABC,DE,90.028,4.458,6.917
1,0,0,0,1,1,1,1AO7,A,166,GLU,ABC,DE,89.647,4.814,11.591
1,1,1,1,1,1,1,1AO7,A,167,TRP,ABC,DE,88.282,7.238,11.822
0,0,0,0,0,0,0,1AO7,A,170,ARG,ABC,DE,88.222,8.533,16.331
0,1,1,1,0,1,1,1AO7,C,1,LEU,ABC,DE,82.338,9.558,9.331
1,1,1,1,1,1,1,1AO7,C,5,TYR,ABC,DE,82.816,6.702,-2.601
1,1,1,1,0,1,1,1AO7,C,8,TYR,ABC,DE,76.33,3.123,-9.162
0,0,0,0,0,1,0,1AO7,D,26,ASP,ABC,DE,92.589,19.29,4.283
0,0,0,0,0,0,0,1AO7,D,27,ARG,ABC,DE,91.291,17.089,6.502
0,1,0,1,0,0,1,1AO7,D,28,GLY,ABC,DE,89.51,15.003,5.983
0,0,0,0,0,1,0,1AO7,D,29,SER,ABC,DE,90.185,13.883,3.532
0,1,0,1,0,1,0,1AO7,D,31,SER,ABC,DE,91.363,10.16,-1.257
0,0,1,0,0,1,1,1AO7,D,50,TYR,ABC,DE,95.336,4.858,-1.711
0,0,0,0,0,0,0,1AO7,D,52,ASN,ABC,DE,96.671,4.538,4.037
1,0,0,0,0,1,1,1AO7,D,68,LYS,ABC,DE,98.292,9.65,7.007
0,1,0,1,0,1,0,1AO7,D,93,THR,ABC,DE,91.839,14.263,-2.934
1,0,0,0,0,1,1,1AO7,D,98,THR,ABC,DE,88.391,14.045,-1.678
0,1,1,1,1,1,1,1AO7,D,99,ASP,ABC,DE,85.879,12.717,-2.191
0,1,1,1,0,1,1,1AO7,D,100,SER,ABC,DE,83.993,11.082,-4.907
1,1,1,1,1,1,1,1AO7,D,101,TRP,ABC,DE,82.729,13.134,-6.215
1,0,1,0,0,0,0,1AO7,E,30,GLU,ABC,DE,81.305,10.287,-16.052
0,1,1,1,1,1,0,1AO7,E,95,ARG,ABC,DE,86.82,12.242,-14.686
0,1,1,1,1,1,1,1AO7,E,101,GLY,ABC,DE,84.331,3.115,-9.536
0,0,0,0,1,0,0,1AO7,E,102,ARG,ABC,DE,86.973,3.95,-9.558
1,1,1,1,0,1,1,1AO7,E,103,PRO,ABC,DE,89.058,6.443,-8.598
1,1,1,1,1,1,1,1BD2,A,65,ARG,ABC,DE,13.754,31.674,23.516
1,1,1,1,1,1,1,1BD2,C,5,TYR,ABC,DE,6.87,39.908,28.188
1,1,1,1,1,1,1,1BD2,C,8,TYR,ABC,DE,11.716,48.222,26.363
1,1,1,1,1,1,1,1BD2,D,94,GLU,ABC,DE,2.943,33.132,23.105
1,0,0,0,0,0,0,1BD2,E,30,GLU,ABC,DE,10.329,46.288,14.656
0,1,1,1,1,1,1,1BD2,E,104,TYR,ABC,DE,2.501,44.793,20.966
1,0,0,0,0,0,0,1BJ1,H,27,TYR,HL,VW,9.992,-18.866,30.8
1,0,1,0,1,0,0,1BJ1,H,54,TYR,HL,VW,21.298,-10.943,26.658
0,0,0,0,0,1,0,1BJ1,H,59,THR,HL,VW,22.126,-0.047,30.166
1,1,1,1,1,1,1,1BJ1,H,99,TYR,HL,VW,10.804,-6.994,28.367
0,1,0,1,0,1,0,1BJ1,H,107,HIS,HL,VW,8.137,-2.602,19.617
0,0,0,0,0,1,0,1BP3,A,10,PHE,A,B,30.578,29.428,-10.378
0,0,0,0,0,0,0,1BP3,A,12,ASN,A,B,32.758,29.795,-6.524
0,0,0,0,0,0,0,1BP3,A,15,LEU,A,B,31.21,32.959,-2.61
0,0,0,0,0,0,0,1BP3,A,16,ARG,A,B,32.798,35.299,-2.697
1,0,0,0,0,0,0,1BP3,A,18,HIS,A,B,29.42,36.947,-0.696
0,0,0,0,0,0,0,1BP3,A,19,ARG,A,B,31.528,37.617,1.321
1,1,1,1,1,1,1,1BP3,A,21,HIS,A,B,29.017,40.944,1.415
1,0,0,0,0,1,0,1BP3,A,25,PHE,A,B,27.677,44.399,6.682
0,0,0,0,0,0,0,1BP3,A,54,PHE,A,B,22.057,56.468,-4.524
0,0,0,0,0,0,0,1BP3,A,55,SER,A,B,22.46,54.233,-6.042
0,0,0,0,0,0,0,1BP3,A,56,GLU,A,B,20.089,53.229,-7.003
0,0,0,0,0,0,0,1BP3,A,57,SER,A,B,19.054,54.156,-9.354
1,0,0,0,0,0,0,1BP3,A,58,ILE,A,B,19.047,52.338,-11.299
0,0,0,0,0,0,0,1BP3,A,59,PRO,A,B,16.991,50.017,-12.242
1,0,0,0,0,0,0,1BP3,A,62,SER,A,B,11.833,43.907,-6.761
0,0,0,0,0,0,1,1BP3,A,63,ASN,A,B,10.61,41.761,-5.139
0,0,0,0,1,0,0,1BP3,A,64,ARG,A,B,9.776,38.313,-4.763
0,0,0,0,0,0,0,1BP3,A,65,GLU,A,B,8.522,36.873,-6.94
0,0,0,0,0,0,0,1BP3,A,66,GLU,A,B,8.754,38.897,-9.226
0,0,0,0,0,0,0,1BP3,A,68,GLN,A,B,12.357,36.701,-9.857
0,0,0,0,0,0,0,1BP3,A,69,GLN,A,B,11.438,36.803,-12.109
0,0,0,0,0,0,0,1BP3,A,70,LYS,A,B,13.213,38.226,-13.734
0,0,0,0,0,0,0,1BP3,A,71,SER,A,B,15.4,37.23,-16.376
0,0,0,0,0,0,0,1BP3,A,73,LEU,A,B,20.416,36.148,-17.63
0,0,0,0,1,1,0,1BP3,A,160,TYR,A,B,27.963,57.373,7.252
0,1,1,1,1,1,1,1BP3,A,164,TYR,A,B,24.813,52.413,5.149
1,1,1,0,1,1,1,1BP3,A,167,ARG,A,B,25.492,47.967,2.352
1,1,1,0,1,1,1,1BP3,A,168,LYS,A,B,22.948,47.264,1.763
0,1,1,1,1,1,1,1BP3,A,171,ASP,A,B,23.829,43.093,-0.461
1,1,1,0,1,1,1,1BP3,A,172,LYS,A,B,21.615,42.885,-2.492
1,0,1,0,1,1,1,1BP3,A,174,GLU,A,B,24.497,39.456,-3.717
1,1,1,1,1,1,0,1BP3,A,176,PHE,A,B,20.923,37.81,-5.887
1,1,1,1,1,1,1,1BP3,A,178,ARG,A,B,22.885,33.966,-6.385
0,1,1,1,1,1,1,1BP3,A,179,ILE,A,B,20.354,33.083,-7.12
0,0,0,0,1,1,0,1BP3,A,180,VAL,A,B,20.755,32.477,-9.951
0,0,0,0,0,0,0,1BP3,A,181,GLN,A,B,22.908,30.674,-9.786
0,0,0,0,0,0,0,1BP3,A,183,ARG,A,B,19.445,27.708,-10.771
0,0,0,0,0,0,0,1BP3,A,184,SER,A,B,20.828,27.348,-13.173
0,0,0,0,0,0,0,1BP3,A,185,VAL,A,B,23.217,25.827,-12.803
0,0,0,0,0,0,0,1BP3,A,186,GLU,A,B,22.541,23.118,-12.124
0,0,0,0,0,0,0,1BP3,A,187,GLY,A,B,22.133,21.128,-9.621
0,0,0,0,0,0,0,1BP3,A,188,SER,A,B,23.839,21.311,-6.755
1,0,0,0,0,0,0,1C1Y,B,59,ARG,A,B,1.874,17.83,47.162
0,0,0,0,0,0,0,1C1Y,B,64,ASN,A,B,2.228,4.667,37.783
1,0,0,0,0,0,1,1C1Y,B,65,LYS,A,B,4.694,5.919,37.996
1,0,0,1,1,1,1,1C1Y,B,66,GLN,A,B,4.33,8.792,38.06
1,0,1,0,1,0,0,1C1Y,B,67,ARG,A,B,3.631,12.267,38.849
1,1,0,1,0,1,1,1C1Y,B,68,THR,A,B,2.171,15.116,40.578
1,1,0,1,0,1,1,1C1Y,B,69,VAL,A,B,1.558,18.496,41.493
1,0,0,0,0,0,0,1C1Y,B,84,LYS,A,B,-8.822,17.027,38.202
0,0,0,0,1,1,1,1C4Z,A,634,VAL,ABC,D,83.206,-9.16,74.056
1,1,1,1,1,1,1,1C4Z,A,635,LEU,ABC,D,85.905,-9.778,73.548
0,0,0,0,0,0,0,1C4Z,A,637,GLN,ABC,D,86.271,-8.716,77.8
0,1,1,1,1,1,1,1C4Z,A,638,SER,ABC,D,87.735,-11.046,77.929
0,1,1,1,0,1,0,1C4Z,A,639,LEU,ABC,D,90.424,-10.121,77.804
0,0,0,0,1,1,1,1C4Z,A,641,ASP,ABC,D,89.955,-10.368,82.11
1,1,0,1,0,1,0,1C4Z,A,642,LEU,ABC,D,92.342,-11.483,81.787
1,0,0,0,0,0,0,1C4Z,A,645,TYR,ABC,D,93.558,-12.218,86.382
0,0,0,0,0,0,1,1C4Z,A,652,ASP,ABC,D,99.007,-21.379,82.574
1,1,1,1,1,1,1,1C4Z,A,653,MET,ABC,D,97.492,-20.18,80.43
0,0,0,0,0,0,0,1C4Z,A,654,MET,ABC,D,99.054,-19.805,78.313
0,1,1,1,1,1,1,1C4Z,A,655,ILE,ABC,D,99.652,-18.016,75.778
0,1,0,1,0,1,0,1C4Z,A,656,THR,ABC,D,100.744,-15.929,73.195
0,0,1,0,0,1,0,1C4Z,A,659,ILE,ABC,D,99.127,-12.787,67.533
0,1,0,1,0,1,1,1C4Z,A,660,SER,ABC,D,95.954,-13.456,65.912
0,0,0,0,0,0,0,1C4Z,A,662,THR,ABC,D,91.08,-13.617,61.402
0,0,0,0,0,0,0,1C4Z,A,670,MET,ABC,D,98.355,-14.671,60.747
1,1,1,1,0,1,1,1C4Z,A,690,PHE,ABC,D,100.969,-6.509,76.772
0,0,0,0,0,0,0,1C4Z,A,820,CYS,ABC,D,60.82,10.228,55.695
0,0,0,0,0,0,1,1C4Z,D,4,SER,ABC,D,95.121,-20.598,68.008
0,0,0,0,0,0,0,1C4Z,D,5,ARG,ABC,D,98.048,-21.073,68.736
0,1,1,1,0,1,1,1C4Z,D,6,ARG,ABC,D,97.928,-22.052,71.691
0,0,0,0,0,0,0,1C4Z,D,9,LYS,ABC,D,99.462,-27.531,73.454
0,0,0,0,0,0,0,1C4Z,D,31,ASN,ABC,D,95.383,-26.803,59.482
0,0,0,0,1,1,0,1C4Z,D,33,LEU,ABC,D,92.198,-25.68,63.728
0,0,0,0,0,0,0,1C4Z,D,52,ARG,ABC,D,79.253,-38.073,66.482
0,0,1,0,1,1,1,1C4Z,D,60,GLU,ABC,D,90.932,-15.981,66.88
1,1,1,1,1,1,1,1C4Z,D,62,PRO,ABC,D,92.231,-17.829,72.54
1,1,1,1,1,1,1,1C4Z,D,63,PHE,ABC,D,90.534,-15.788,73.332
0,0,0,0,1,1,1,1C4Z,D,64,LYS,ABC,D,88.077,-15.592,72.375
0,0,0,0,0,0,0,1C4Z,D,93,GLU,ABC,D,79.143,-14.44,77.885
0,0,0,0,0,1,1,1C4Z,D,95,TRP,ABC,D,81.885,-17.337,79.099
1,0,0,0,0,0,1,1C4Z,D,96,LYS,ABC,D,85.398,-17.762,79.622
0,1,1,1,1,1,1,1C4Z,D,97,PRO,ABC,D,88.805,-16.918,79.401
1,0,0,0,0,0,0,1C4Z,D,100,LYS,ABC,D,89.925,-24.476,79.703
0,1,0,0,1,1,1,1E50,A,66,ASP,A,B,-7.517,28.1,41.772
0,1,0,1,1,1,1,1E50,A,69,ASN,A,B,-4.955,29.402,48.629
1,1,1,1,1,1,1,1E50,A,106,MET,A,B,-6.83,39.389,35.484
1,0,0,1,0,1,1,1E50,A,109,ASN,A,B,-7.136,33.16,27.08
0,1,1,1,1,1,1,1E50,A,113,TYR,A,B,-5.487,35.891,24.166
0,1,0,1,1,1,1,1E50,A,114,SER,A,B,-5.121,37.88,26.11
0,0,0,0,0,0,0,1E50,A,142,ARG,A,B,-15.564,32.019,19.787
1,1,0,1,1,1,1,1E50,A,149,THR,A,B,-6.71,35.216,35.849
0,1,1,1,1,1,1,1E50,A,159,VAL,A,B,-0.196,34.123,42.885
1,1,1,1,1,1,1,1E50,A,161,THR,A,B,-5.198,31.088,39.46
1,0,0,0,0,0,1,1E50,B,33,ARG,A,B,-1.761,47.224,25.68
0,0,0,0,0,1,1,1E50,B,58,VAL,A,B,1.082,33.131,25.368
0,1,1,1,1,1,1,1E50,B,63,ASN,A,B,-2.191,34.876,31.629
0,1,0,1,0,1,1,1E50,B,65,SER,A,B,1.473,38.861,35.949
1,1,1,1,1,1,1,1E50,B,104,ASN,A,B,-0.695,29.152,41.987
1,1,1,1,1,1,0,1GUA,A,37,GLU,A,B,2.819,21.841,39.084
1,1,0,1,1,1,1,1GUA,A,39,SER,A,B,3.309,15.592,36.152
1,0,0,0,0,0,0,1GUA,B,59,ARG,A,B,0.509,18.088,47.358
0,0,0,0,0,0,0,1GUA,B,64,ASN,A,B,1.475,4.702,38.263
0,0,0,0,0,0,1,1GUA,B,65,LYS,A,B,3.851,6.012,38.406
0,0,0,1,1,1,1,1GUA,B,66,GLN,A,B,3.323,8.854,38.54
0,1,0,1,0,1,1,1GUA,B,68,THR,A,B,1.152,15.199,40.835
0,1,0,1,0,1,1,1GUA,B,69,VAL,A,B,0.395,18.598,41.712
1,0,0,0,1,0,0,1GUA,B,84,LYS,A,B,-9.936,16.791,38.162
0,0,0,0,0,0,0,1GUA,B,87,LYS,A,B,-8.813,12.707,35.834
0,1,0,1,1,1,1,1GUA,B,88,VAL,A,B,-7.544,13.633,33.397
0,0,0,1,0,1,1,1JTD,A,99,GLN,A,B,-19.881,21.873,16.742
0,0,0,0,0,0,0,1JTD,A,100,ASN,A,B,-20.218,19.754,18.344
1,1,1,1,1,1,1,1JTD,A,102,LEU,A,B,-15.979,18.202,17.937
0,0,1,0,1,1,1,1JTD,A,104,GLU,A,B,-10.343,17.054,22.136
1,1,1,1,1,1,1,1JTD,A,105,TYR,A,B,-6.992,18.369,21.373
1,1,1,1,1,1,1,1JTD,A,107,PRO,A,B,-6.271,21.659,16.975
0,1,1,1,1,1,1,1JTD,A,110,GLU,A,B,-10.773,23.123,15.116
1,1,0,0,1,1,1,1JTD,A,111,LYS,A,B,-10.786,25.76,14.416
1,0,0,0,0,1,1,1JTD,A,129,MET,A,B,-0.422,17.988,11.822
0,1,1,1,1,1,1,1JTD,A,216,VAL,A,B,4.848,18.356,13.859
0,0,0,0,0,1,1,1JTD,A,270,MET,A,B,8.178,13.671,28.299
1,0,1,1,1,1,1,1JTD,B,50,ASN,A,B,0.575,16.534,25.008
1,1,0,1,1,1,1,1JTD,B,52,ASP,A,B,3.576,18.51,21.964
1,1,1,0,1,1,1,1JTD,B,53,TRP,A,B,4.499,20.64,20.438
0,0,0,0,0,0,0,1JTD,B,57,THR,A,B,7.846,22.799,27.607
1,1,1,1,1,1,1,1JTD,B,73,TYR,A,B,-1.122,27.966,22.199
1,1,0,0,1,1,1,1JTD,B,74,PHE,A,B,0.817,26.693,20.562
0,0,0,0,0,0,0,1JTD,B,91,LEU,A,B,6.029,29.318,13.901
1,0,0,1,1,1,1,1JTD,B,112,ASN,A,B,-3.754,31.319,20.047
0,0,0,0,1,1,1,1JTD,B,113,TYR,A,B,-2.133,31.789,17.68
1,0,0,0,0,0,0,1JTD,B,131,ASP,A,B,-6.81,37.083,11.392
1,1,1,1,1,1,1,1JTD,B,152,TRP,A,B,-8.25,33.286,18.848
0,0,0,0,0,1,0,1JTD,B,167,ASP,A,B,-10.845,37.788,15.599
0,0,0,0,0,0,0,1JTD,B,169,SER,A,B,-16.231,35.432,14.373
0,0,0,0,0,0,0,1JTD,B,170,ASP,A,B,-17.791,33.918,16.0
1,1,1,1,1,1,1,1JTD,B,191,TYR,A,B,-13.891,30.355,21.799
0,0,0,0,0,1,0,1JTD,B,206,ASP,A,B,-19.792,31.764,21.674
1,0,0,0,0,0,1,1JTD,B,208,TYR,A,B,-23.065,26.834,22.589
1,0,0,0,0,0,1,1JTD,B,209,PHE,A,B,-22.907,24.678,24.35
1,1,1,1,1,1,1,1JTD,B,229,ILE,A,B,-12.961,25.747,26.363
1,1,1,1,1,1,1,1JTD,B,230,PHE,A,B,-15.552,24.656,25.924
0,0,0,0,0,1,1,1JTD,B,248,TYR,A,B,-16.624,15.651,29.505
1,1,1,1,1,1,0,1JTD,B,268,GLU,A,B,-8.43,24.262,27.43
1,1,1,1,1,1,1,1JTD,B,269,TRP,A,B,-9.986,21.871,27.621
0,0,0,0,0,1,0,1JTD,B,286,ARG,A,B,-7.287,15.036,33.622
1,0,0,1,0,1,0,1JTD,B,304,ASN,A,B,-3.561,23.187,26.311
1,0,0,0,0,0,0,1K8R,A,33,ASP,A,B,53.272,50.79,8.875
0,1,1,0,1,1,1,1K8R,A,37,GLU,A,B,48.194,41.554,13.03
1,1,1,1,1,1,1,1K8R,A,38,ASP,A,B,45.345,41.73,11.086
0,1,1,1,1,1,1,1K8R,A,39,SER,A,B,41.951,41.744,10.049
1,0,1,0,1,1,1,1K8R,A,41,ARG,A,B,36.817,42.704,5.419
1,0,0,0,1,1,0,1K8R,A,57,ASP,A,B,45.045,39.808,6.948
0,0,0,0,0,0,0,1K8R,A,62,GLU,A,B,59.142,38.288,11.195
0,0,0,0,0,0,0,1K8R,A,63,GLU,A,B,59.094,38.058,13.824
1,0,1,1,1,1,1,1K8R,B,81,GLN,A,B,35.318,42.58,11.024
1,1,1,1,1,1,1,1K8R,B,83,ARG,A,B,41.394,43.75,14.62
0,0,0,0,0,0,0,1K8R,B,93,LYS,A,B,45.418,54.795,26.094
1,0,1,0,1,1,1,1K8R,B,101,LYS,A,B,43.366,51.931,14.08
0,0,0,0,0,0,0,1K8R,B,159,ARG,A,B,29.185,37.589,16.698
1,0,0,0,1,1,1,1K8R,B,160,ARG,A,B,31.733,37.127,15.743
0,1,1,1,0,1,1,1LP9,A,66,LYS,ABC,EF,16.463,6.034,10.813
0,1,1,1,0,1,1,1LP9,A,163,THR,ABC,EF,29.542,0.354,17.757
0,0,0,0,0,1,1,1LP9,A,167,TRP,ABC,EF,28.854,4.978,21.43
0,0,0,0,0,0,0,1MI5,D,25,SER,ABC,DE,22.762,24.923,-26.178
0,0,0,0,0,0,0,1MI5,D,26,THR,ABC,DE,24.806,26.897,-27.128
0,0,0,0,0,0,0,1MI5,D,28,SER,ABC,DE,29.867,24.071,-29.945
0,1,0,1,0,1,1,1MI5,D,30,THR,ABC,DE,33.328,21.45,-32.885
1,0,0,0,0,1,0,1MI5,D,30A,ASP,ABC,DE,32.987,20.429,-30.446
0,1,1,1,1,1,1,1MI5,D,31,TYR,ABC,DE,32.482,17.818,-28.011
1,1,0,0,0,1,0,1MI5,D,33,HIS,ABC,DE,29.638,14.549,-23.596
1,1,1,1,1,1,1,1MI5,D,48,HIS,ABC,DE,30.184,9.155,-24.604
1,1,1,1,1,1,1,1MI5,D,50,LEU,ABC,DE,29.995,12.983,-30.672
0,0,0,0,0,0,0,1MI5,D,51,THR,ABC,DE,28.703,13.863,-33.317
0,0,0,0,0,0,0,1MI5,D,52,SER,ABC,DE,27.22,11.794,-34.946
0,0,0,0,0,0,0,1MI5,D,54,ASN,ABC,DE,25.026,9.121,-33.855
1,0,0,0,0,0,0,1MI5,D,93,PRO,ABC,DE,33.204,19.091,-22.128
1,1,1,1,1,1,1,1MI5,D,94,LEU,ABC,DE,35.416,20.127,-23.738
0,1,0,1,0,1,1,1MI5,D,96,GLY,ABC,DE,34.315,24.26,-26.911
1,1,1,1,0,1,1,1MI5,D,97,GLY,ABC,DE,36.931,24.428,-27.676
0,0,0,0,0,0,0,1MI5,D,98,THR,ABC,DE,38.231,25.969,-26.01
0,0,0,0,0,1,0,1MI5,D,99,SER,ABC,DE,38.681,24.735,-23.678
1,1,1,1,1,1,1,1MI5,D,100,TYR,ABC,DE,40.226,21.817,-22.122
1,1,0,1,0,1,0,1MI5,D,102,GLY,ABC,DE,39.467,19.237,-21.247
1,0,0,0,0,1,0,1MI5,D,103,LYS,ABC,DE,38.866,19.082,-18.636
0,0,0,0,0,0,0,1MI5,E,27,SER,ABC,DE,48.019,3.633,-12.174
0,0,0,0,0,0,0,1MI5,E,28,GLY,ABC,DE,50.462,4.807,-14.476
0,0,0,0,0,1,1,1MI5,E,30,VAL,ABC,DE,48.687,9.843,-17.073
1,1,1,1,0,1,0,1MI5,E,31,SER,ABC,DE,47.324,12.341,-16.778
0,0,1,1,1,1,1,1MI5,E,50,GLN,ABC,DE,49.378,17.687,-15.341
0,0,0,0,0,1,0,1MI5,E,51,ASN,ABC,DE,51.138,15.149,-15.692
0,0,0,0,0,0,0,1MI5,E,52,GLU,ABC,DE,53.788,15.695,-13.565
0,0,0,0,0,1,0,1MI5,E,94,SER,ABC,DE,41.922,10.393,-12.59
0,0,0,0,0,1,0,1MI5,E,95,SER,ABC,DE,43.538,10.057,-15.799
0,0,0,0,0,0,0,1MI5,E,96,LEU,ABC,DE,44.292,8.827,-19.169
1,1,0,1,0,1,1,1MI5,E,97,GLY,ABC,DE,44.997,10.925,-20.848
1,1,1,1,1,1,1,1MI5,E,98,GLN,ABC,DE,44.563,14.478,-20.925
1,1,1,1,1,1,1,1MI5,E,100,TYR,ABC,DE,40.768,12.307,-22.306
0,0,0,0,0,0,0,1MI5,E,105,GLU,ABC,DE,38.582,9.661,-20.971
1,1,0,1,0,1,0,1MI5,E,106,GLN,ABC,DE,37.824,10.086,-17.547
0,0,0,0,0,0,0,1MI5,E,107,TYR,ABC,DE,38.702,8.479,-14.531
0,0,1,1,1,1,1,1MLC,A,92,ASN,AB,E,50.246,10.25,63.97
0,1,0,1,0,1,1,1MLC,B,31,THR,AB,E,34.675,5.888,51.943
0,1,0,1,0,1,1,1MLC,B,57,SER,AB,E,30.197,13.277,59.796
1,1,1,1,1,1,1,1N8Z,B,50,ARG,AB,C,33.925,80.384,102.702
1,0,1,0,1,1,1,1N8Z,B,59,ARG,AB,C,32.021,84.177,103.553
0,0,0,0,0,0,0,1N8Z,C,525,LEU,AB,C,28.493,107.454,101.268
0,0,0,0,0,0,0,1N8Z,C,551,SER,AB,C,31.575,107.406,94.785
0,0,0,0,0,0,0,1N8Z,C,552,VAL,AB,C,30.687,104.253,96.173
0,0,0,0,0,0,0,1N8Z,C,555,PHE,AB,C,31.796,96.86,100.106
0,0,0,0,0,0,0,1WQJ,I,21,ARG,I,B,14.338,44.915,19.319
0,0,0,0,0,0,0,1WQJ,I,50,ARG,I,B,13.436,60.239,0.074
0,0,0,0,0,0,0,1WQJ,I,55,ARG,I,B,17.833,47.664,3.826
0,0,0,0,0,0,0,1WQJ,I,56,ARG,I,B,18.292,50.317,4.56
0,0,0,0,0,1,1,2AK4,A,65,GLN,ABC,DE,3.984,10.332,25.609
0,1,0,0,0,1,0,2AK4,A,69,THR,ABC,DE,9.361,7.453,24.812
0,0,0,0,0,0,0,2AK4,A,72,GLN,ABC,DE,13.401,6.205,22.292
1,0,0,0,0,0,0,2AK4,A,151,ARG,ABC,DE,11.446,-10.838,32.71
0,0,1,0,1,1,1,2AK4,A,154,GLU,ABC,DE,5.253,-11.364,31.236
0,0,1,1,1,1,1,2AK4,A,155,GLN,ABC,DE,4.593,-8.678,31.653
1,0,0,0,0,0,0,2AK4,A,157,ARG,ABC,DE,1.527,-9.739,28.802
0,0,0,0,0,0,0,2AK4,A,161,GLU,ABC,DE,-4.221,-8.913,27.984
0,0,0,0,0,1,0,2AK4,A,163,LEU,ABC,DE,-5.668,-3.859,29.423
1,1,1,1,0,1,0,2AK4,C,4,PRO,ABC,DE,1.492,0.62,27.535
1,1,1,1,1,1,1,2AK4,C,5,LEU,ABC,DE,4.114,2.302,29.447
1,1,0,1,1,1,1,2AK4,C,6,PRO,ABC,DE,6.21,0.522,31.759
1,1,1,1,1,1,1,2AK4,C,7,GLN,ABC,DE,6.486,0.517,35.415
0,0,0,0,0,0,0,2AK4,C,9,GLN,ABC,DE,12.183,-0.357,34.297
0,0,1,0,0,1,1,2AK4,C,10,LEU,ABC,DE,12.014,0.089,30.766
0,1,0,0,0,1,1,2AK4,D,29,THR,ABC,DE,-5.952,-5.923,36.037
0,1,0,1,1,1,0,2AK4,D,31,TYR,ABC,DE,-0.457,-6.08,40.398
1,1,0,1,0,1,0,2AK4,D,50,ASN,ABC,DE,1.621,-11.323,40.627
1,1,0,1,0,1,0,2AK4,D,93,SER,ABC,DE,-0.408,-2.453,43.407
1,1,1,1,1,1,1,2AK4,D,96,TYR,ABC,DE,1.625,-0.08,35.508
1,1,1,1,0,1,1,2AK4,D,97,ASN,ABC,DE,3.631,2.894,34.658
0,0,0,0,0,0,0,2AK4,E,28,ASN,ABC,DE,17.482,2.971,35.378
0,1,1,1,1,1,1,2AK4,E,30,ASN,ABC,DE,11.248,4.213,34.933
0,0,0,0,0,1,0,2AK4,E,51,SER,ABC,DE,7.519,9.89,34.77
0,0,0,0,0,0,0,2AK4,E,66,ASN,ABC,DE,6.57,19.785,47.862
0,1,1,1,0,1,1,2AK4,E,98,LEU,ABC,DE,10.641,-5.233,38.341
0,0,0,0,0,0,0,2AK4,E,101,GLU,ABC,DE,14.067,-9.234,43.777
1,1,1,1,1,1,1,2AW2,B,17,PRO,A,B,-9.077,-8.412,16.859
1,0,1,0,1,1,1,2AW2,B,23,TYR,A,B,-15.291,-20.824,19.036
1,1,1,1,1,1,1,2AW2,B,36,VAL,A,B,-16.181,-10.762,13.531
0,1,1,1,1,1,1,2B0U,C,47,PHE,AB,C,66.847,23.065,8.391
0,1,1,1,1,1,1,2B0U,C,51,ILE,AB,C,72.652,25.747,6.311
0,0,1,1,1,1,1,2B0U,C,52,PHE,AB,C,73.308,25.388,3.72
0,0,0,0,0,0,0,2BNR,A,43,GLN,ABC,DE,-21.909,-17.802,32.361
0,0,0,0,0,0,0,2BNR,A,58,GLU,ABC,DE,-21.238,-33.743,31.853
0,0,0,0,0,0,0,2BNR,A,61,ASP,ABC,DE,-19.567,-29.225,31.746
0,1,0,1,0,1,0,2BNR,A,63,GLU,ABC,DE,-15.789,-28.398,29.711
0,0,0,0,0,1,0,2BNR,A,64,THR,ABC,DE,-16.517,-25.827,30.359
1,0,1,0,1,1,1,2BNR,A,65,ARG,ABC,DE,-15.047,-25.32,32.733
1,1,1,1,1,1,1,2BNR,A,66,LYS,ABC,DE,-12.434,-25.525,31.704
0,1,0,1,0,1,0,2BNR,A,67,VAL,ABC,DE,-12.509,-23.389,29.83
0,1,1,1,1,1,1,2BNR,A,68,LYS,ABC,DE,-12.915,-21.228,31.47
1,1,1,1,0,1,0,2BNR,A,70,HIS,ABC,DE,-8.863,-20.673,30.694
0,1,1,1,1,1,1,2BNR,A,72,GLN,ABC,DE,-8.793,-16.884,32.748
1,1,0,1,0,1,1,2BNR,A,73,THR,ABC,DE,-5.986,-17.259,32.571
0,0,0,0,0,1,0,2BNR,A,74,HIS,ABC,DE,-5.474,-15.685,30.328
0,0,0,0,0,0,0,2BNR,A,75,ARG,ABC,DE,-6.237,-13.209,31.348
0,1,0,1,0,1,1,2BNR,A,76,VAL,ABC,DE,-4.211,-12.65,33.106
0,0,0,0,0,0,0,2BNR,A,80,THR,ABC,DE,1.061,-9.053,31.882
0,0,0,0,0,0,0,2BNR,A,146,LYS,ABC,DE,10.426,-18.891,28.236
0,0,0,0,0,0,1,2BNR,A,151,HIS,ABC,DE,8.762,-26.872,28.816
0,0,0,0,0,1,0,2BNR,A,152,VAL,ABC,DE,6.521,-26.671,27.095
0,0,0,0,0,0,1,2BNR,A,154,GLU,ABC,DE,5.883,-29.98,23.938
0,0,0,1,0,1,1,2BNR,A,155,GLN,ABC,DE,3.758,-31.006,25.518
0,0,0,0,0,0,0,2BNR,A,163,THR,ABC,DE,-5.988,-35.65,21.485
0,0,0,0,0,0,0,2DSQ,I,21,ARG,I,G,17.272,-2.405,12.257
0,0,0,0,0,0,0,2DSQ,I,50,ARG,I,G,12.715,9.187,-9.477
0,0,0,0,0,0,0,2DSQ,I,55,ARG,I,G,22.146,8.567,1.415
0,0,0,0,0,0,0,2DSQ,I,56,ARG,I,G,19.481,9.366,1.089
0,1,0,1,1,1,1,2DVW,A,41,ARG,A,B,2.521,2.161,17.423
0,0,1,0,1,1,1,2DVW,A,116,LYS,A,B,9.596,12.705,37.045
0,1,1,1,1,1,1,2DVW,A,182,GLU,A,B,21.561,9.741,48.396
0,0,0,0,1,1,1,2DVW,B,342,ARG,A,B,23.299,9.047,37.164
0,0,0,0,0,0,0,2NYY,A,902,SER,DC,A,-32.729,-28.034,49.004
0,0,0,0,0,0,0,2NYY,A,903,LYS,DC,A,-34.769,-30.19,48.576
0,0,0,0,0,1,0,2NYY,A,915,GLN,DC,A,-34.951,-34.126,39.094
1,0,0,0,0,1,1,2NYY,A,917,PHE,DC,A,-39.875,-31.076,42.166
1,1,0,1,1,1,1,2NYY,A,918,ASN,DC,A,-43.197,-29.925,42.997
1,1,1,1,1,1,1,2NYY,A,919,LEU,DC,A,-42.6,-28.352,45.416
0,1,1,1,1,1,1,2NYY,A,920,GLU,DC,A,-41.203,-25.804,47.49
0,0,0,0,0,0,0,2NYY,A,923,LYS,DC,A,-35.752,-26.63,44.156
0,1,0,1,1,1,1,2NYY,A,953,PHE,DC,A,-52.799,-35.203,34.58
0,1,1,1,1,1,1,2NYY,A,954,ASN,DC,A,-54.986,-34.217,36.047
0,0,0,0,0,0,0,2NYY,A,955,SER,DC,A,-57.81,-31.979,36.312
0,0,0,0,0,0,1,2NYY,A,956,ILE,DC,A,-57.392,-29.359,37.102
1,0,0,0,0,0,0,2NYY,A,1056,LYS,DC,A,-37.492,-24.123,39.051
1,0,0,0,0,0,0,2NYY,A,1058,ASP,DC,A,-43.112,-22.95,39.502
0,0,0,0,0,0,1,2NYY,A,1061,ARG,DC,A,-50.472,-25.625,40.178
1,0,1,0,1,1,1,2NYY,A,1062,ASP,DC,A,-51.232,-28.198,40.753
0,1,1,1,0,1,1,2NYY,A,1063,THR,DC,A,-50.584,-30.127,43.264
0,1,1,1,1,1,1,2NYY,A,1064,HIS,DC,A,-49.164,-32.587,43.153
0,0,1,0,1,0,0,2NYY,A,1294,ARG,DC,A,-52.492,-48.122,35.311
0,0,0,0,0,0,0,2NZ9,A,902,SER,DC,A,-7.305,14.232,28.613
0,0,0,0,0,0,0,2NZ9,A,903,LYS,DC,A,-8.995,13.849,30.864
0,0,0,0,0,0,0,2NZ9,A,915,GLN,DC,A,-9.228,4.2,34.482
1,0,0,0,0,1,1,2NZ9,A,917,PHE,DC,A,-14.087,7.499,31.462
1,1,0,1,1,1,1,2NZ9,A,918,ASN,DC,A,-17.334,8.391,30.176
1,1,1,1,1,1,1,2NZ9,A,919,LEU,DC,A,-16.719,10.856,28.944
0,1,1,1,1,1,1,2NZ9,A,920,GLU,DC,A,-15.52,12.533,25.996
0,0,0,0,0,0,0,2NZ9,A,923,LYS,DC,A,-9.895,9.405,27.128
0,1,0,1,1,1,1,2NZ9,A,953,PHE,DC,A,-27.2,0.189,35.038
0,1,0,1,0,1,1,2NZ9,A,954,ASN,DC,A,-29.399,1.731,34.022
0,0,0,0,0,0,1,2NZ9,A,955,SER,DC,A,-32.329,2.226,31.999
1,0,0,0,0,0,1,2NZ9,A,956,ILE,DC,A,-31.773,3.036,29.317
1,0,0,0,0,0,0,2NZ9,A,1056,LYS,DC,A,-11.617,4.393,24.385
1,0,0,0,0,0,0,2NZ9,A,1058,ASP,DC,A,-17.04,4.967,23.108
0,0,0,0,0,0,1,2NZ9,A,1061,ARG,DC,A,-24.67,5.693,25.632
1,1,1,1,1,1,0,2NZ9,A,1062,ASP,DC,A,-25.212,6.408,28.174
0,1,1,1,1,1,1,2NZ9,A,1063,THR,DC,A,-24.801,8.885,30.153
0,1,1,1,1,1,1,2NZ9,A,1064,HIS,DC,A,-23.483,8.85,32.721
0,0,0,0,1,0,0,2NZ9,A,1294,ARG,DC,A,-27.345,1.134,47.856
1,1,1,0,1,1,1,3AAA,A,256,LYS,AB,C,27.81,35.859,27.402
1,1,1,1,1,1,1,3AAA,A,260,ARG,AB,C,31.077,35.994,31.896
1,0,0,0,0,0,1,3AAA,A,266,ARG,AB,C,42.059,35.715,31.058
1,1,1,1,1,1,1,3AAA,C,8,TRP,AB,C,26.49,47.426,28.059
1,1,0,1,1,1,1,3AAA,C,44,ASP,AB,C,36.469,43.008,22.549
1,0,1,0,1,1,1,3AAA,C,78,GLU,AB,C,40.604,37.141,22.653
1,1,1,1,1,1,1,3B4V,C,57,LEU,AB,C,-41.821,45.97,-70.994
1,1,1,1,1,1,1,3B4V,C,60,PHE,AB,C,-39.491,46.722,-67.092
1,1,1,1,1,1,1,3B4V,C,61,LEU,AB,C,-36.975,45.782,-67.626
1,0,0,0,0,0,1,3C60,C,40,LYS,CD,AB,-6.175,-29.556,52.719
0,0,0,0,0,0,0,3C60,C,56,ASP,CD,AB,-3.511,-35.423,43.102
0,0,0,0,1,1,1,3C60,C,58,GLN,CD,AB,-0.991,-32.568,47.139
0,0,0,0,1,1,1,3C60,C,61,LEU,CD,AB,0.133,-28.166,46.818
0,1,1,1,1,1,1,3C60,C,62,GLN,CD,AB,2.984,-28.262,47.116
0,1,1,1,0,1,1,3C60,C,63,ASN,CD,AB,3.673,-26.559,45.04
1,1,1,1,1,1,1,3C60,C,66,VAL,CD,AB,6.517,-23.171,46.521
0,0,0,0,0,0,0,3C60,C,68,LYS,CD,AB,5.296,-19.056,46.992
0,0,0,0,0,1,1,3C60,C,69,HIS,CD,AB,7.888,-18.701,48.005
0,0,0,0,0,1,0,3C60,C,73,VAL,CD,AB,11.396,-13.571,46.91
0,0,0,0,0,0,0,3C60,C,76,LYS,CD,AB,12.037,-8.473,46.527
0,0,0,0,0,0,0,3C60,D,1,PHE,CD,AB,-8.29,-41.213,36.753
0,0,0,0,0,0,0,3C60,D,2,GLU,CD,AB,-5.251,-40.041,37.076
1,0,0,0,1,1,1,3C60,D,4,GLN,CD,AB,-1.547,-34.658,35.929
1,1,0,1,1,1,1,3C60,D,5,LYS,CD,AB,0.867,-32.074,36.903
1,0,0,0,1,1,1,3C60,D,7,LYS,CD,AB,5.687,-27.748,37.318
0,0,0,1,0,1,0,3C60,D,9,ASN,CD,AB,9.833,-23.25,38.966
0,0,1,0,1,0,1,3C60,D,10,LYS,CD,AB,12.632,-22.52,41.128
0,0,0,0,0,0,0,3C60,D,12,VAL,CD,AB,16.325,-17.365,41.556
0,0,0,0,0,0,0,3C60,D,13,ASP,CD,AB,19.114,-15.808,43.39
0,0,0,0,0,0,0,3C60,D,85,GLU,CD,AB,18.661,-17.315,33.101
0,0,0,0,0,0,0,3C60,D,86,TYR,CD,AB,19.968,-18.978,35.073
0,0,0,0,0,0,0,3C60,D,89,SER,CD,AB,21.133,-22.95,32.646
0,0,0,0,0,0,0,3C60,D,90,GLN,CD,AB,21.46,-25.071,34.43
0,0,0,0,0,0,0,3C60,D,91,PRO,CD,AB,21.096,-28.267,33.596
0,0,0,0,0,0,0,3C60,D,92,GLU,CD,AB,19.349,-30.268,34.621
0,0,0,0,0,0,0,3C60,D,93,ILE,CD,AB,17.041,-28.958,35.56
0,0,0,0,0,0,0,3C60,D,95,GLU,CD,AB,15.544,-29.729,31.474
1,0,0,0,1,0,1,3C60,D,96,ARG,CD,AB,13.59,-30.932,32.917
0,0,0,0,0,0,0,3C60,D,98,ARG,CD,AB,11.096,-28.612,30.131
0,0,0,0,0,0,0,3C60,D,102,ASP,CD,AB,4.963,-33.263,27.454
1,0,0,0,0,0,0,3C60,D,103,THR,CD,AB,4.677,-35.029,29.659
0,0,0,0,0,0,0,3C60,D,106,ARG,CD,AB,0.26,-33.455,27.065
1,0,0,0,0,0,0,3C60,D,107,HIS,CD,AB,-0.207,-35.894,28.478
0,0,0,0,0,0,0,3C60,D,110,GLU,CD,AB,-4.8,-36.712,26.68
1,1,1,1,0,1,1,3D3V,C,8,TYR,ABC,DE,37.236,-15.001,-8.447
1,0,0,0,1,1,0,3D3V,E,30,GLU,ABC,DE,32.769,-22.511,-15.437
1,1,1,1,1,1,1,3D3V,E,98,LEU,ABC,DE,33.798,-20.687,-10.097
0,0,0,0,0,0,0,3EQS,B,1,THR,A,B,-6.18,8.978,13.372
1,0,0,0,0,0,0,3EQS,B,2,SER,A,B,-4.792,7.505,10.507
1,1,1,1,1,1,1,3EQS,B,3,PHE,A,B,-5.345,7.427,6.875
1,0,0,0,0,0,0,3EQS,B,5,GLU,A,B,-4.306,3.449,8.222
1,0,1,0,1,0,0,3EQS,B,6,TYR,A,B,-7.093,3.221,8.64
1,1,1,1,1,1,1,3EQS,B,7,TRP,A,B,-7.719,1.918,6.264
0,0,0,0,0,0,0,3EQS,B,8,ASN,A,B,-6.377,-0.521,6.356
0,0,0,0,0,0,0,3EQS,B,9,LEU,A,B,-7.85,-1.977,8.134
1,1,1,1,1,1,1,3EQS,B,10,LEU,A,B,-9.667,-3.32,6.539
0,0,0,0,0,0,0,3EQS,B,11,SER,A,B,-8.674,-5.731,5.801
0,0,0,0,0,0,0,3EQY,C,1,THR,A,C,-25.493,13.317,16.603
0,0,0,0,0,0,0,3EQY,C,2,SER,A,C,-24.099,15.723,14.475
1,1,1,1,1,1,1,3EQY,C,3,PHE,A,C,-22.342,15.904,11.34
1,0,0,0,0,0,0,3EQY,C,5,GLU,A,C,-20.624,18.924,13.962
1,0,1,0,1,0,0,3EQY,C,6,TYR,A,C,-19.003,16.795,14.76
1,1,1,1,1,1,1,3EQY,C,7,TRP,A,C,-16.796,17.401,13.181
0,0,0,0,0,0,0,3EQY,C,8,ASN,A,C,-15.968,19.825,14.17
0,0,0,0,0,0,0,3EQY,C,9,LEU,A,C,-14.651,19.156,16.497
1,0,1,1,1,1,1,3EQY,C,10,LEU,A,C,-12.093,18.478,15.763
0,0,0,0,0,0,0,3EQY,C,11,SER,A,C,-8.553,19.181,15.943
0,0,0,0,0,0,1,3EQY,C,12,PRO,A,C,-6.076,19.99,14.643
1,1,1,1,1,1,1,3F1S,A,71,MET,A,B,-14.88,22.934,-13.216
1,0,0,0,1,0,1,3F1S,A,74,ASP,A,B,-8.494,21.954,-14.898
0,0,0,0,1,1,1,3F1S,A,238,ASP,A,B,-1.768,16.004,-25.03
0,1,1,1,1,1,1,3F1S,A,239,LYS,A,B,-3.154,16.393,-28.387
1,1,1,1,1,1,1,3F1S,A,240,TYR,A,B,-1.101,17.815,-29.616
1,1,1,1,1,1,1,3F1S,A,293,ASP,A,B,-20.028,15.646,-18.103
1,1,1,1,1,1,1,3HH2,C,47,PHE,AB,C,-26.674,-14.592,56.728
0,0,1,0,1,1,1,3HH2,C,51,ILE,AB,C,-22.731,-18.197,54.321
1,1,1,1,1,1,1,3HH2,C,52,PHE,AB,C,-20.175,-18.221,55.489
0,0,0,0,0,0,0,3KBH,A,38,ASP,A,E,-0.457,2.226,47.539
1,0,0,0,1,1,1,3KBH,A,41,TYR,A,E,-0.155,4.529,51.806
0,1,1,1,1,1,1,3KBH,E,498,TYR,A,E,6.606,-2.518,46.606
1,1,0,1,0,1,1,3KBH,E,535,SER,A,E,8.108,9.093,48.263
1,1,1,1,1,1,1,3LB6,A,14,ILE,A,C,17.285,-11.209,21.732
1,1,1,1,1,1,1,3LB6,A,104,LYS,A,C,23.65,-13.927,19.041
1,0,0,0,0,0,0,3LB6,A,105,LYS,A,C,25.472,-14.856,17.184
1,1,1,1,1,1,1,3LB6,A,107,PHE,A,C,22.137,-15.264,14.718
0,0,0,0,0,0,0,3M62,A,26,GLU,A,B,50.13,-36.548,-84.519
1,0,0,0,1,1,1,3M62,A,40,ASP,A,B,49.599,-23.119,-79.529
1,1,1,0,1,1,1,3M62,A,44,LEU,A,B,47.448,-27.912,-76.63
0,0,0,0,0,0,1,3M62,A,48,THR,A,B,44.912,-32.463,-73.846
1,0,0,0,0,0,0,3M62,A,49,GLU,A,B,45.374,-34.655,-75.507
0,0,0,0,0,0,0,3M62,A,92,ARG,A,B,50.285,-15.833,-72.577
1,1,0,1,1,1,1,3M62,A,96,GLY,A,B,45.664,-18.849,-70.182
1,1,1,1,1,1,1,3M62,A,97,TYR,A,B,44.688,-21.501,-70.74
1,0,0,0,0,0,0,3M62,A,104,ILE,A,B,36.284,-26.066,-66.618
0,0,1,0,1,0,0,3M62,B,9,PHE,A,B,37.376,-34.699,-79.049
0,0,0,0,0,0,0,3M62,B,10,LYS,A,B,38.493,-37.304,-79.56
1,1,1,1,1,1,1,3M62,B,45,ILE,A,B,35.839,-24.45,-77.071
1,1,0,1,1,1,1,3M62,B,47,SER,A,B,41.471,-21.206,-78.677
1,0,1,0,1,1,1,3M62,B,50,VAL,A,B,37.219,-20.671,-72.953
1,0,0,0,0,0,0,3M62,B,52,GLN,A,B,31.635,-18.122,-75.173
0,0,0,0,0,0,0,3M62,B,67,GLN,A,B,40.516,-23.811,-86.169
1,1,0,0,1,1,1,3M62,B,69,VAL,A,B,37.897,-26.636,-80.585
0,1,1,1,0,1,1,3M62,B,71,MET,A,B,33.084,-29.999,-76.87
0,0,0,0,0,0,0,3M63,A,27,GLU,A,B,50.306,-35.487,-87.384
1,0,0,0,1,1,1,3M63,A,40,ASP,A,B,49.683,-23.409,-79.071
0,1,1,1,1,1,1,3M63,A,44,LEU,A,B,47.54,-28.218,-76.34
0,0,0,0,0,1,1,3M63,A,48,THR,A,B,44.903,-32.735,-73.498
0,0,0,0,0,0,1,3M63,A,49,GLU,A,B,45.081,-34.928,-75.341
0,0,0,0,0,0,0,3M63,A,92,ARG,A,B,50.104,-16.129,-72.496
0,1,0,1,0,1,1,3M63,A,96,GLY,A,B,45.384,-19.025,-70.009
1,1,1,1,1,1,1,3M63,A,97,TYR,A,B,44.527,-21.73,-70.247
1,1,1,1,1,1,1,3M63,A,100,VAL,A,B,40.661,-22.568,-67.969
1,1,1,1,1,1,1,3M63,A,104,ILE,A,B,35.884,-26.28,-66.223
1,1,1,1,1,1,1,3M63,A,107,PHE,A,B,38.101,-31.526,-69.225
0,0,0,0,1,1,1,3MZG,A,27,HIS,A,B,-45.035,-34.36,-4.907
0,1,0,1,1,1,1,3MZG,A,30,HIS,A,B,-43.626,-30.502,-7.44
0,0,0,0,0,0,0,3MZG,A,46,HIS,A,B,-30.735,-16.626,-18.582
0,0,0,0,0,0,0,3MZG,A,59,HIS,A,B,-43.669,-14.275,-1.503
0,0,0,0,0,0,0,3MZG,A,97,HIS,A,B,-52.946,-16.306,-12.096
0,0,0,0,0,0,0,3MZG,A,138,HIS,A,B,-58.153,-34.09,12.182
0,0,0,0,1,1,0,3MZG,A,173,HIS,A,B,-38.943,-18.994,-9.091
1,1,1,1,1,1,1,3MZG,A,180,HIS,A,B,-41.186,-27.464,-3.102
0,0,0,0,0,0,0,3MZG,A,195,HIS,A,B,-46.909,-43.704,10.525
1,1,1,1,1,1,1,3MZG,B,188,HIS,A,B,-35.517,-35.593,-4.625
0,0,0,0,0,0,0,3NGB,H,30,ILE,HL,G,-40.684,35.844,-80.045
0,0,0,0,0,0,0,3NGB,H,33,THR,HL,G,-34.1,32.22,-79.975
1,1,1,1,1,1,1,3NGB,H,47,TRP,HL,G,-28.416,17.662,-77.853
1,1,1,1,1,1,1,3NGB,H,50,TRP,HL,G,-32.994,23.328,-82.643
0,0,0,0,0,1,1,3NGB,H,52,LYS,HL,G,-36.897,28.69,-84.193
0,0,0,0,0,0,0,3NGB,H,53,ARG,HL,G,-39.944,33.037,-84.979
0,1,0,1,0,1,1,3NGB,H,54,GLY,HL,G,-40.563,32.567,-87.9
1,1,0,1,0,1,1,3NGB,H,55,GLY,HL,G,-41.097,29.978,-87.627
1,1,1,0,1,1,1,3NGB,H,57,VAL,HL,G,-36.667,25.958,-88.231
1,1,1,1,1,1,1,3NGB,H,58,ASN,HL,G,-34.234,23.545,-87.005
0,0,0,0,1,1,1,3NGB,H,59,TYR,HL,G,-33.243,20.391,-87.056
0,0,1,1,1,1,1,3NGB,H,61,ARG,HL,G,-29.122,15.887,-86.699
0,0,0,0,0,0,0,3NGB,H,62,PRO,HL,G,-29.081,12.973,-86.246
0,0,0,0,0,0,1,3NGB,H,64,GLN,HL,G,-33.387,13.328,-87.223
0,0,0,0,0,1,0,3NGB,H,69,MET,HL,G,-40.709,19.986,-84.539
1,0,0,0,0,0,0,3NGB,H,71,ARG,HL,G,-44.627,25.695,-83.061
1,0,0,0,0,0,0,3NGB,H,73,VAL,HL,G,-47.236,31.136,-81.801
0,0,0,0,0,0,0,3NGB,H,74,TYR,HL,G,-48.744,33.475,-80.725
0,0,0,0,0,0,0,3NGB,H,99,ASP,HL,G,-28.431,37.107,-78.838
1,0,0,0,0,1,0,3NGB,H,100,TYR,HL,G,-26.2,35.216,-78.799
1,0,0,0,0,1,1,3NGB,H,100A,ASN,HL,G,-26.762,31.786,-79.016
1,1,1,1,1,1,1,3NGB,H,100B,TRP,HL,G,-26.037,29.404,-77.709
0,0,0,0,0,0,0,3NGB,L,3,VAL,HL,G,-15.799,15.025,-80.49
0,0,0,0,0,0,0,3NGB,L,27,GLN,HL,G,-12.312,21.882,-82.362
0,0,0,0,0,0,0,3NGB,L,28,TYR,HL,G,-13.187,25.241,-83.557
0,0,0,0,0,0,0,3NGB,L,30,SER,HL,G,-16.703,28.637,-78.563
1,1,1,1,0,1,1,3NGB,L,91,TYR,HL,G,-21.111,24.758,-78.71
1,1,1,1,1,1,1,3NGB,L,96,GLU,HL,G,-23.556,22.786,-80.124
0,0,1,0,1,1,1,3NGB,L,97,PHE,HL,G,-22.743,20.434,-79.085
0,0,0,0,0,0,0,3Q8D,A,13,ARG,A,E,29.873,23.586,39.295
0,0,0,0,0,0,0,3Q8D,A,98,ARG,A,E,27.277,29.465,53.111
1,1,1,1,0,1,1,3Q8D,A,132,ARG,A,E,37.833,24.064,64.748
0,0,0,0,0,0,0,3Q8D,A,203,ARG,A,E,36.105,19.328,73.067
1,0,0,0,0,0,0,3Q8D,A,210,ARG,A,E,29.139,25.539,67.362
0,0,1,0,1,1,1,3Q8D,A,228,PHE,A,E,28.995,13.113,56.397
0,0,0,0,0,0,0,3Q8D,A,229,ARG,A,E,27.637,11.605,58.393
1,0,1,1,1,1,1,3QHY,B,50,ASN,A,B,33.394,-4.146,12.909
1,1,1,1,1,1,1,3QHY,B,52,ASP,A,B,37.874,-5.701,14.021
1,1,1,1,1,1,1,3QHY,B,53,TRP,A,B,40.23,-5.809,15.554
0,0,0,0,0,0,0,3QHY,B,57,THR,A,B,35.854,-10.143,20.665
1,1,1,1,1,1,1,3QHY,B,73,TYR,A,B,38.971,1.298,21.68
1,1,1,1,1,1,1,3QHY,B,74,PHE,A,B,40.645,-0.574,20.399
0,0,1,0,0,0,0,3QHY,B,91,LEU,A,B,48.329,-2.399,21.362
1,0,0,1,1,1,1,3QHY,B,112,ASN,A,B,40.48,5.343,23.511
0,0,0,0,1,1,1,3QHY,B,113,TYR,A,B,43.241,4.599,23.276
1,0,0,0,0,0,0,3QHY,B,131,ASP,A,B,48.631,12.392,24.912
1,1,1,1,1,1,1,3QHY,B,152,TRP,A,B,40.6,10.447,23.962
0,0,0,0,0,1,0,3QHY,B,167,ASP,A,B,43.696,15.066,26.383
0,0,0,0,0,0,0,3QHY,B,169,SER,A,B,42.187,19.576,22.793
0,0,0,0,0,0,0,3QHY,B,170,ASP,A,B,39.68,20.111,21.634
1,1,1,1,1,1,1,3QHY,B,191,TYR,A,B,35.154,14.069,21.29
1,0,0,0,1,1,0,3QHY,B,206,ASP,A,B,33.548,19.854,21.667
1,0,1,0,0,0,1,3QHY,B,208,TYR,A,B,30.137,20.684,16.775
1,0,1,0,1,1,1,3QHY,B,209,PHE,A,B,28.008,19.359,15.469
1,1,1,1,1,1,1,3QHY,B,229,ILE,A,B,30.293,10.268,19.22
1,1,1,1,1,1,1,3QHY,B,230,PHE,A,B,29.3,12.387,17.696
0,0,0,0,0,0,0,3QHY,B,248,TYR,A,B,23.179,9.654,10.594
1,1,0,0,1,1,0,3QHY,B,268,GLU,A,B,30.442,5.263,19.265
1,1,1,1,1,1,1,3QHY,B,269,TRP,A,B,28.981,5.992,16.874
0,0,0,0,0,0,0,3QHY,B,286,ARG,A,B,22.724,-0.318,13.522
1,0,0,1,0,1,0,3QHY,B,304,ASN,A,B,32.865,0.909,18.668
0,0,0,0,0,0,0,3QIB,A,57,GLN,ABP,CD,11.655,58.162,-29.0
0,0,0,0,0,0,0,3QIB,A,67,LYS,ABP,CD,6.407,44.847,-23.405
0,0,0,0,0,0,0,3QIB,A,75,GLU,ABP,CD,2.79,34.482,-17.354
0,0,0,0,0,0,0,3QIB,B,59,GLU,ABP,CD,-3.178,45.593,-6.677
0,0,0,0,0,0,0,3QIB,B,63,SER,ABP,CD,-0.449,50.266,-3.683
1,0,0,1,0,1,1,3QIB,B,64,GLN,ABP,CD,1.652,51.706,-3.931
1,0,1,0,1,1,1,3QIB,B,66,GLU,ABP,CD,3.079,57.245,-4.072
1,1,0,0,1,1,1,3QIB,B,69,GLU,ABP,CD,-0.215,59.232,-6.626
0,0,1,0,1,1,1,3QIB,B,76,ASP,ABP,CD,-3.508,66.792,-15.292
0,1,1,1,1,1,1,3QIB,B,77,THR,ABP,CD,-0.687,67.006,-16.069
0,1,1,1,1,1,1,3QIB,B,81,HIS,ABP,CD,-2.28,69.26,-20.725
1,1,1,1,1,1,1,3QIB,P,7,TYR,ABP,CD,3.048,62.289,-22.802
1,1,1,1,1,1,1,3QIB,P,9,LYS,ABP,CD,4.279,57.375,-19.246
1,1,1,1,1,1,1,3QIB,P,12,THR,ABP,CD,5.519,49.522,-14.514
0,0,0,0,0,0,0,3S9D,A,12,ARG,A,B,30.449,15.298,49.894
1,1,0,0,1,1,1,3S9D,A,15,LEU,A,B,30.704,14.048,54.617
0,0,0,0,0,0,0,3S9D,A,16,MET,A,B,32.177,11.641,54.498
0,0,0,0,0,0,0,3S9D,A,22,ARG,A,B,33.534,7.999,63.683
0,0,0,0,0,0,0,3S9D,A,23,ARG,A,B,33.642,6.147,66.708
0,0,0,0,0,0,0,3S9D,A,24,ILE,A,B,32.809,3.953,68.202
0,0,0,0,0,0,0,3S9D,A,25,SER,A,B,30.848,0.821,68.15
1,1,1,1,1,1,1,3S9D,A,26,LEU,A,B,27.776,0.902,66.421
0,0,0,0,1,0,0,3S9D,A,27,PHE,A,B,25.66,-0.788,66.989
0,0,0,0,0,0,0,3S9D,A,28,SER,A,B,25.884,-1.151,69.703
1,0,1,0,1,1,1,3S9D,A,30,LEU,A,B,22.139,1.476,70.165
0,0,0,0,0,0,0,3S9D,A,31,LYS,A,B,20.106,1.792,72.055
0,0,0,0,0,0,0,3S9D,A,32,ASP,A,B,20.108,4.437,72.783
1,1,1,1,1,1,1,3S9D,A,33,ARG,A,B,19.088,5.887,70.684
0,0,0,0,0,0,0,3S9D,A,34,HIS,A,B,17.105,8.408,69.094
0,0,0,0,0,0,0,3S9D,A,35,ASP,A,B,14.402,10.242,67.875
0,0,0,0,0,0,0,3S9D,A,40,GLN,A,B,12.992,18.36,57.396
0,0,0,0,0,0,0,3S9D,A,41,GLU,A,B,11.417,19.337,55.327
0,0,0,0,0,0,0,3S9D,A,62,GLN,A,B,25.468,25.939,62.093
0,0,0,0,0,0,0,3S9D,A,64,PHE,A,B,28.893,23.408,62.343
0,0,0,0,0,0,0,3S9D,A,65,ASN,A,B,29.199,24.926,64.702
0,0,0,0,0,0,0,3S9D,A,68,SER,A,B,32.206,22.227,67.564
0,0,0,0,0,0,0,3S9D,A,69,THR,A,B,32.452,22.605,70.28
0,0,0,0,0,0,0,3S9D,A,70,LYS,A,B,33.822,22.404,73.653
0,0,0,0,0,0,0,3S9D,A,73,SER,A,B,35.284,18.424,71.223
0,0,0,0,0,0,0,3S9D,A,79,THR,A,B,42.488,15.436,64.534
0,0,0,0,0,0,0,3S9D,A,80,LEU,A,B,40.746,14.638,62.5
0,0,0,0,0,0,0,3S9D,A,83,LYS,A,B,39.906,18.54,59.696
0,0,0,0,0,0,0,3S9D,A,85,TYR,A,B,36.171,20.678,59.984
0,0,0,0,0,0,0,3S9D,A,86,THR,A,B,37.488,22.312,58.142
0,0,0,0,0,0,0,3S9D,A,89,TYR,A,B,33.892,25.047,56.481
0,0,0,0,0,0,0,3S9D,A,90,GLN,A,B,34.827,25.763,53.949
0,0,0,0,0,0,0,3S9D,A,93,ASN,A,B,31.926,29.397,52.655
0,0,0,0,0,0,0,3S9D,A,96,GLU,A,B,28.235,31.853,50.861
0,0,0,0,0,0,0,3S9D,A,121,LYS,A,B,15.674,25.376,66.265
0,0,0,0,0,0,0,3S9D,A,125,ARG,A,B,17.232,20.939,70.12
0,0,0,0,0,0,0,3S9D,A,128,LEU,A,B,20.176,19.76,73.807
0,0,0,0,0,0,0,3S9D,A,131,LYS,A,B,23.121,17.079,76.574
0,0,0,0,0,0,0,3S9D,A,132,GLU,A,B,21.257,16.021,78.55
0,0,0,0,0,0,0,3S9D,A,133,LYS,A,B,22.027,13.362,78.23
0,0,0,0,0,0,0,3S9D,A,134,LYS,A,B,24.5,13.419,79.264
1,0,1,0,1,1,0,3S9D,A,144,ARG,A,B,26.286,12.178,65.915
1,1,1,1,1,1,1,3S9D,A,148,MET,A,B,24.979,13.303,59.973
1,1,1,0,1,1,1,3S9D,A,149,ARG,A,B,22.79,12.352,58.534
1,1,0,1,1,1,1,3S9D,A,152,SER,A,B,23.118,15.199,54.645
1,0,0,0,0,1,0,3S9D,A,153,LEU,A,B,20.552,15.085,53.595
0,0,0,0,0,0,0,3S9D,A,156,ASN,A,B,21.219,17.47,49.322
1,0,0,0,0,1,0,3S9D,B,43,TYR,A,B,18.219,-5.807,60.66
1,1,1,1,0,1,1,3S9D,B,44,THR,A,B,18.356,-2.274,61.444
1,0,0,0,0,1,0,3S9D,B,45,ILE,A,B,17.813,1.304,61.582
1,1,1,1,1,1,1,3S9D,B,46,MET,A,B,19.502,4.396,62.444
0,1,1,1,1,1,1,3S9D,B,47,SER,A,B,18.097,6.804,62.828
0,0,0,0,0,0,1,3S9D,B,48,LYS,A,B,15.589,6.699,64.058
0,0,0,0,0,0,0,3S9D,B,50,GLU,A,B,13.654,2.339,66.307
0,0,0,0,0,0,0,3S9D,B,51,ASP,A,B,12.686,-1.177,66.298
0,0,0,0,0,0,0,3S9D,B,53,LYS,A,B,14.763,-5.567,62.722
0,0,0,0,0,0,0,3S9D,B,73,ARG,A,B,15.865,1.532,51.094
0,0,0,0,0,0,0,3S9D,B,74,SER,A,B,16.785,4.16,51.116
0,0,0,0,0,0,0,3S9D,B,75,THR,A,B,19.302,6.569,50.755
0,0,0,1,1,1,1,3S9D,B,76,HIS,A,B,19.989,8.012,52.831
1,0,1,0,1,1,0,3S9D,B,77,GLU,A,B,20.244,7.157,55.439
1,1,1,1,1,1,1,3S9D,B,80,VAL,A,B,22.184,-0.221,60.441
0,0,0,0,0,0,0,3S9D,B,97,HIS,A,B,27.498,-4.599,62.148
0,0,0,0,0,1,1,3S9D,B,98,ASN,A,B,27.808,-1.367,60.531
1,1,1,1,1,1,1,3S9D,B,100,TRP,A,B,26.871,3.31,55.566
1,1,0,1,1,1,1,3S9D,B,103,ILE,A,B,28.71,5.966,50.765
1,0,0,0,0,0,0,3S9D,B,104,ASP,A,B,29.886,3.415,51.445
0,0,0,0,0,0,0,3S9D,B,187,HIS,A,B,30.927,7.113,40.672
0,0,0,0,0,0,1,3SE3,A,68,ASN,B,A,18.992,-28.282,-20.01
1,0,1,1,1,1,1,3SE3,A,70,TYR,B,A,22.267,-24.035,-20.647
0,0,0,0,0,1,1,3SE3,A,96,PHE,B,A,21.395,-18.871,-19.491
0,0,0,0,0,0,0,3SE3,A,111,GLU,B,A,19.954,-13.492,19.461
1,0,0,0,0,0,0,3SE3,A,113,LYS,B,A,23.402,-10.201,22.307
0,1,1,1,1,1,1,3SE3,A,131,LEU,B,A,24.901,-26.742,-10.321
0,1,0,1,1,1,1,3SE3,A,132,ASP,B,A,26.299,-24.194,-9.769
0,1,0,1,0,1,1,3SE3,A,135,SER,B,A,28.512,-22.187,-4.681
0,0,0,0,0,0,0,3SE3,A,163,TYR,B,A,27.663,-10.025,15.243
0,1,0,1,0,0,1,3SE3,A,181,THR,B,A,31.309,-15.368,-9.656
0,0,0,0,0,0,0,3SE3,A,182,SER,B,A,30.126,-15.623,-12.564
1,1,1,1,1,1,1,3SE3,A,238,PHE,B,A,35.621,-24.864,6.07
0,1,1,1,1,1,1,3SE3,A,241,ARG,B,A,30.361,-22.47,4.05
0,0,0,0,0,0,0,3SE3,A,242,ASN,B,A,28.496,-24.076,2.968
0,0,0,0,0,0,0,3SE3,A,245,ASN,B,A,21.364,-28.739,4.549
0,0,0,0,0,0,0,3SE3,A,290,PHE,B,A,25.735,-17.722,26.163
1,1,1,1,1,1,1,3SE4,A,70,TYR,B,A,22.088,-24.87,-20.25
0,1,1,1,1,1,1,3SE4,A,131,LEU,B,A,24.147,-27.478,-10.082
0,1,1,1,1,1,1,3SE4,A,132,ASP,B,A,25.663,-25.064,-9.845
0,1,0,0,0,1,0,3SE4,A,135,SER,B,A,28.055,-22.481,-5.365
0,0,0,0,0,0,0,3SE4,A,163,TYR,B,A,27.559,-9.622,14.684
0,1,1,1,0,1,1,3SE4,A,181,THR,B,A,32.169,-15.887,-10.41
1,1,1,1,1,1,1,3SE4,A,238,PHE,B,A,35.44,-25.22,6.127
0,1,1,1,1,1,1,3SE4,A,241,ARG,B,A,30.107,-22.776,4.101
0,0,0,0,0,1,0,3SE4,A,242,ASN,B,A,28.177,-24.608,2.607
0,0,0,0,0,0,0,3SE4,A,245,ASN,B,A,21.641,-29.372,5.599
0,0,0,0,0,0,0,3SE4,A,290,PHE,B,A,25.864,-17.056,25.665
0,1,0,1,1,1,1,3SE4,B,28,PRO,B,C,41.159,-49.617,-11.549
0,1,0,1,0,1,0,3SE4,B,28,PRO,B,A,41.159,-49.617,-11.549
1,0,1,0,1,1,1,3SE4,B,32,LEU,B,C,37.027,-50.602,-17.343
0,0,0,0,0,1,0,3SE4,B,32,LEU,B,A,37.027,-50.602,-17.343
0,1,1,1,1,1,1,3SE4,B,148,MET,B,C,38.92,-40.273,-11.645
0,1,0,1,0,1,0,3SE4,B,148,MET,B,A,38.92,-40.273,-11.645
0,1,0,1,0,1,0,3SE4,B,152,LYS,B,A,42.501,-36.0,-14.606
1,1,0,1,1,1,1,3SE4,B,152,LYS,B,C,42.501,-36.0,-14.606
1,1,1,1,0,1,1,3SE4,C,44,THR,B,C,46.11,-49.135,-21.76
1,1,1,1,1,1,1,3SE4,C,46,MET,B,C,41.933,-43.901,-19.843
0,0,0,0,1,1,1,3SE4,C,47,SER,B,C,40.532,-41.669,-20.468
0,0,0,0,0,0,0,3SE4,C,76,HIS,B,C,49.315,-35.878,-18.288
1,0,0,0,0,1,0,3SE4,C,77,GLU,B,C,47.39,-37.813,-18.48
1,1,1,1,1,1,1,3SE4,C,80,VAL,B,C,46.166,-47.224,-17.689
1,0,0,0,1,1,1,3SE4,C,103,ILE,B,C,52.763,-38.388,-10.842
0,0,0,0,0,0,0,3SE4,C,187,HIS,B,C,61.053,-32.945,-10.085
0,1,1,1,1,1,1,3SE8,H,30,ARG,HL,G,-7.333,17.728,-38.22
1,1,1,1,1,1,1,3SE8,H,47,TRP,HL,G,1.052,4.371,-21.927
1,1,1,1,1,1,1,3SE8,H,50,TRP,HL,G,0.676,7.424,-30.678
1,0,1,0,1,1,1,3SE8,H,52,LYS,HL,G,-0.895,11.217,-36.072
0,1,1,0,1,1,1,3SE8,H,53,LEU,HL,G,-3.082,14.32,-40.333
0,1,1,1,1,1,1,3SE8,H,54,TRP,HL,G,-1.347,13.005,-42.35
0,1,0,1,1,1,1,3SE8,H,55,GLY,HL,G,-1.649,10.655,-41.214
1,1,1,1,1,1,1,3SE8,H,57,VAL,HL,G,2.271,7.587,-37.432
1,1,0,1,1,1,1,3SE8,H,58,SER,HL,G,3.231,6.441,-34.117
0,0,0,0,0,1,1,3SE8,H,59,TYR,HL,G,4.273,3.914,-32.06
1,1,1,1,1,1,1,3SE8,H,61,ARG,HL,G,7.185,0.937,-27.856
1,0,1,0,1,0,1,3SE8,H,62,GLN,HL,G,7.019,-1.533,-26.49
0,0,1,0,1,1,1,3SE8,H,64,GLN,HL,G,4.648,-2.963,-29.916
1,0,1,0,1,1,0,3SE8,H,71,ARG,HL,G,-7.092,6.681,-39.043
0,0,1,0,1,0,1,3SE8,H,75,GLN,HL,G,-16.526,13.442,-44.035
0,0,1,0,1,0,1,3SE8,H,76A,PRO,HL,G,-19.66,18.02,-46.211
0,0,0,0,1,0,1,3SE8,H,76D,PRO,HL,G,-16.887,19.738,-42.105
0,0,0,0,0,0,0,3SE8,H,99,ASP,HL,G,0.012,28.073,-25.855
0,0,0,0,0,0,0,3SE8,H,100,TYR,HL,G,2.225,27.122,-24.351
0,1,1,1,1,1,1,3SE8,H,100C,ASP,HL,G,3.199,18.051,-26.025
1,1,1,1,1,1,1,3SE8,H,100D,PHE,HL,G,2.356,15.882,-24.559
0,0,1,0,1,1,1,3SE8,L,1,GLU,HL,G,14.476,5.211,-20.335
0,0,0,0,0,0,0,3SE8,L,27,GLN,HL,G,15.234,10.87,-13.848
0,0,0,0,0,1,0,3SE8,L,31,ASN,HL,G,13.471,17.668,-16.661
0,0,0,0,1,1,0,3SE8,L,50,ASP,HL,G,3.848,21.732,-17.626
0,1,1,1,1,1,1,3SE8,L,91,PHE,HL,G,6.341,13.059,-20.458
1,1,1,1,1,1,1,3SE8,L,96,GLU,HL,G,5.791,10.008,-22.124
0,1,1,1,1,1,1,3SE8,L,97,PHE,HL,G,5.721,8.649,-19.766
0,1,0,1,0,1,1,3SE9,H,34,LEU,HL,G,0.769,19.487,-35.6
1,1,1,1,1,1,1,3SE9,H,47,TRP,HL,G,-3.125,28.604,-23.428
1,1,1,1,1,1,1,3SE9,H,50,TRP,HL,G,-2.833,27.305,-32.493
0,0,0,0,1,1,1,3SE9,H,52B,VAL,HL,G,1.228,21.03,-42.151
0,1,1,1,1,1,1,3SE9,H,53,THR,HL,G,-0.698,22.295,-43.788
0,1,0,1,1,1,1,3SE9,H,54,GLY,HL,G,-0.92,24.917,-43.0
0,1,0,1,1,1,1,3SE9,H,56,VAL,HL,G,-4.927,27.487,-38.995
1,1,1,1,1,1,1,3SE9,H,57,ASN,HL,G,-5.817,28.194,-35.512
0,1,0,0,1,1,1,3SE9,H,59,GLY,HL,G,-7.02,30.932,-29.104
0,0,1,0,0,0,0,3SE9,H,61,PRO,HL,G,-10.456,35.911,-29.28
1,1,1,1,1,1,1,3SE9,H,64,ARG,HL,G,-6.696,35.968,-31.993
1,0,1,0,1,1,0,3SE9,H,71,ARG,HL,G,4.12,28.798,-40.795
0,0,1,0,1,0,1,3SE9,H,73,ARG,HL,G,7.726,24.931,-44.139
0,0,0,0,1,0,1,3SE9,H,74,ASP,HL,G,9.912,23.907,-45.379
0,0,1,0,1,0,0,3SE9,H,98,TYR,HL,G,-2.142,11.589,-35.625
0,1,0,1,0,1,0,3SE9,H,99,THR,HL,G,-3.483,11.462,-33.093
0,1,1,1,1,1,1,3SE9,H,100,GLY,HL,G,-5.908,10.684,-32.56
0,1,1,1,1,1,1,3SE9,H,100A,GLY,HL,G,-8.701,10.043,-30.582
0,1,0,1,1,1,1,3SE9,H,100C,GLY,HL,G,-7.259,13.461,-27.236
0,0,0,0,1,1,0,3SE9,L,3,VAL,HL,G,-14.129,24.835,-16.583
1,0,0,0,0,0,0,3SE9,L,30,TYR,HL,G,-16.343,14.962,-19.747
0,0,0,0,1,1,0,3SE9,L,31,GLY,HL,G,-13.256,13.769,-21.047
0,1,1,1,1,1,1,3SE9,L,91,LEU,HL,G,-7.702,19.168,-23.636
0,1,1,1,1,1,1,3SE9,L,96,GLU,HL,G,-7.665,22.465,-24.945
0,0,0,0,1,1,1,3SE9,L,97,PHE,HL,G,-7.407,23.613,-22.509
1,0,0,0,0,0,0,3SEK,C,57,LEU,B,C,-22.1,24.786,42.339
1,0,0,0,0,0,0,3SEK,C,60,PHE,B,C,-17.2,24.966,41.72
1,0,0,0,0,0,0,3SEK,C,61,LEU,B,C,-16.302,26.49,43.954
0,0,0,0,0,0,0,3SZK,C,112,VAL,AB,C,34.143,51.515,-74.332
0,0,0,0,0,0,0,3SZK,C,120,ASN,AB,C,22.724,34.232,-62.237
0,0,0,0,0,0,0,3SZK,C,123,THR,AB,C,26.868,40.302,-59.805
0,0,0,0,0,0,0,3SZK,C,124,GLN,AB,C,29.764,38.969,-61.134
1,0,1,0,1,1,0,3SZK,C,125,TYR,AB,C,32.347,38.528,-59.34
1,1,1,1,1,1,1,3SZK,C,126,TYR,AB,C,35.183,37.844,-59.342
1,0,0,0,1,1,0,3SZK,C,127,HIS,AB,C,35.905,38.128,-62.04
1,0,0,0,0,0,0,3SZK,C,128,PHE,AB,C,35.128,40.772,-62.407
1,1,1,1,1,1,1,3SZK,C,129,PHE,AB,C,37.068,42.092,-60.852
0,0,0,0,0,0,0,3SZK,C,133,ASP,AB,C,37.422,47.782,-66.841
0,0,0,0,0,0,0,3SZK,C,136,ASP,AB,C,38.61,48.658,-74.557
0,0,0,0,0,0,0,3SZK,C,141,LYS,AB,C,38.067,47.369,-91.138
0,0,0,0,0,0,0,3SZK,C,142,LYS,AB,C,36.152,45.466,-91.594
0,1,1,1,1,1,1,3SZK,C,151,ASN,AB,C,44.191,40.664,-65.81
1,0,0,0,0,0,1,3SZK,C,154,SER,AB,C,49.053,34.615,-65.361
1,1,1,1,1,1,1,3SZK,C,155,THR,AB,C,47.719,32.841,-63.65
0,0,0,0,0,0,0,3SZK,C,205,ASP,AB,C,49.386,27.394,-60.659
0,0,0,0,0,0,0,3SZK,C,206,ASP,AB,C,50.145,23.96,-60.658
0,0,0,0,0,0,0,3SZK,C,207,GLY,AB,C,47.887,23.287,-59.258
0,0,0,0,0,0,0,3SZK,C,208,GLU,AB,C,44.479,22.876,-57.96
0,0,0,0,0,0,0,3SZK,C,209,GLU,AB,C,41.799,23.182,-60.322
0,0,0,0,0,0,0,3UIG,A,51,GLU,A,P,22.889,-12.517,-6.246
0,0,0,0,0,0,0,3UIG,A,62,LYS,A,P,30.572,-1.028,2.164
1,1,1,1,1,1,1,3UIG,A,65,GLU,A,P,30.411,-10.561,-1.097
1,0,0,0,0,0,1,3UIG,A,71,ASP,A,P,35.076,-18.255,6.673
1,0,0,0,0,1,1,3UIG,A,76,GLU,A,P,37.61,-10.53,7.225
0,1,1,1,1,1,1,4B0M,A,8,MET,A,BM,5.975,7.776,36.412
1,0,0,0,0,1,0,4B0M,M,40,TYR,A,BM,-10.636,4.747,38.978
1,1,1,1,1,1,1,4B0M,M,43,LEU,A,BM,-3.673,9.329,33.705
0,0,0,0,1,0,1,4B0M,M,103,PRO,A,BM,-1.441,5.562,36.503
1,1,0,1,1,0,1,4B0M,M,104,PRO,A,BM,-2.785,7.27,39.454
1,1,1,1,1,1,1,4BFI,B,44,ASN,A,B,-29.231,10.011,40.447
1,1,0,0,0,1,0,4BFI,B,92,LEU,A,B,-21.92,2.422,38.16
1,1,1,1,1,1,0,4BFI,B,96,PHE,A,B,-20.912,-0.691,25.609
1,0,1,0,1,1,1,4FTV,A,65,ARG,ABC,DE,-36.485,4.354,0.935
0,1,0,1,0,1,1,4FTV,A,163,THR,ABC,DE,-23.944,-7.543,6.846
0,0,1,0,1,1,1,4FTV,D,68,LYS,ABC,DE,-16.038,-1.9,7.123
0,1,1,1,1,1,1,4FTV,D,99,ASP,ABC,DE,-28.142,0.574,-2.114
1,1,1,1,1,1,1,4FZA,A,223,TYR,A,B,44.218,-12.876,-84.792
1,1,1,1,1,1,1,4FZA,A,227,ARG,A,B,48.19,-10.356,-80.966
0,0,0,0,0,0,0,4FZA,B,138,GLU,A,B,33.419,19.166,-87.597
0,1,1,1,1,1,1,4G0N,A,21,ILE,A,B,32.885,-2.926,-16.417
0,0,0,0,0,0,0,4G0N,A,27,HIS,A,B,26.288,-2.503,-14.09
0,0,0,0,0,0,0,4G0N,A,31,GLU,A,B,27.031,-12.662,-20.08
0,0,0,0,0,0,0,4G0N,A,33,ASP,A,B,31.777,-12.504,-23.692
1,0,0,0,0,0,0,4G0N,A,35,THR,A,B,37.313,-9.974,-25.058
1,0,1,0,0,0,1,4G0N,A,36,ILE,A,B,38.823,-7.627,-27.304
1,1,0,1,1,1,1,4G0N,A,37,GLU,A,B,39.868,-5.001,-27.593
1,0,1,0,1,1,1,4G0N,A,38,ASP,A,B,39.192,-2.398,-25.445
0,1,0,1,1,1,1,4G0N,A,39,SER,A,B,38.442,0.749,-24.196
0,0,0,0,0,0,1,4G0N,A,41,ARG,A,B,36.087,5.665,-19.937
0,0,0,0,0,0,0,4G0N,A,45,VAL,A,B,34.803,11.013,-7.837
1,0,0,0,0,0,0,4G0N,B,59,ARG,A,B,37.726,-1.342,-35.739
0,0,0,0,0,0,0,4G0N,B,64,ASN,A,B,34.303,11.113,-25.981
1,0,0,0,0,0,1,4G0N,B,65,LYS,A,B,37.024,10.4,-25.946
1,0,0,1,1,1,1,4G0N,B,66,GLN,A,B,37.263,7.63,-25.949
1,0,1,0,1,0,1,4G0N,B,67,ARG,A,B,37.601,4.146,-26.915
1,1,0,1,0,1,1,4G0N,B,68,THR,A,B,36.924,1.191,-28.906
1,1,0,1,0,1,1,4G0N,B,69,VAL,A,B,37.062,-2.241,-30.035
1,0,0,0,1,0,0,4G0N,B,84,LYS,A,B,26.025,-2.883,-27.758
0,1,1,1,0,1,1,4G0N,B,88,VAL,A,B,27.038,0.291,-22.497
1,1,1,1,1,1,1,4HFK,B,40,ARG,A,BD,-4.32,16.722,15.9
1,1,1,1,1,1,1,4HFK,B,63,LEU,A,BD,-7.743,24.475,19.838
1,1,1,1,1,1,1,4HFK,B,64,GLU,A,BD,-7.885,27.271,20.368
0,1,0,1,0,1,1,4HFK,B,66,SER,A,BD,-10.521,25.827,23.53
0,0,0,0,0,0,1,4HFK,B,67,ASN,A,BD,-10.225,26.108,27.143
0,0,0,0,0,1,1,4HFK,B,68,LEU,A,BD,-8.025,25.38,28.566
0,1,1,0,1,1,1,4HFK,B,74,GLU,A,BD,1.238,21.049,25.635
1,0,1,0,0,0,1,4HFK,D,91,THR,A,BD,-8.428,31.757,9.944
1,1,1,1,1,1,1,4HRN,D,25,LEU,A,D,12.93,-11.666,-21.348
0,1,0,1,0,1,1,4HRN,D,51,SER,A,D,17.815,-13.697,-16.492
1,1,1,1,1,1,1,4HRN,D,52,VAL,A,D,16.863,-15.608,-19.451
1,0,0,0,1,1,1,4HRN,D,55,PHE,A,D,14.148,-22.746,-22.684
1,1,1,1,1,1,1,4I77,H,52,TRP,HL,Z,23.848,21.438,-16.969
1,0,0,0,1,0,0,4I77,H,54,ASP,HL,Z,26.103,24.971,-13.784
0,0,1,0,0,0,0,4I77,H,97,TYR,HL,Z,13.303,26.172,-11.019
1,1,1,1,1,1,1,4I77,H,98,TYR,HL,Z,14.389,24.281,-8.059
1,1,1,1,1,1,1,4I77,H,100,TYR,HL,Z,13.457,21.154,-10.219
0,0,0,0,0,0,0,4I77,L,28,TYR,HL,Z,14.08,10.87,-0.297
1,0,1,1,0,1,1,4I77,L,91,ASN,HL,Z,12.969,12.665,-12.853
0,0,0,0,0,0,0,4JEU,A,171,ARG,A,B,34.181,47.927,15.641
1,1,0,0,1,1,0,4JEU,B,4,ARG,A,B,46.561,49.092,33.677
0,0,0,0,0,0,0,4JEU,B,5,THR,A,B,48.969,47.797,34.476
1,1,1,1,1,1,1,4JEU,B,8,LEU,A,B,50.242,42.635,34.218
1,1,1,1,1,1,1,4JEU,B,233,ILE,A,B,53.1,66.544,12.723
1,1,1,1,0,1,1,4JFF,C,1,GLU,ABC,DE,49.998,-14.425,31.403
1,1,0,1,0,1,1,4JFF,C,4,GLY,ABC,DE,48.868,-5.643,32.51
1,1,1,1,0,1,1,4JFF,C,6,GLY,ABC,DE,51.402,-0.323,33.335
1,1,1,1,1,1,1,4JFF,C,7,ILE,ABC,DE,52.076,-0.108,30.626
1,1,1,1,1,1,1,4JFF,C,8,LEU,ABC,DE,52.692,2.081,28.213
1,1,0,1,0,1,0,4JFF,C,9,THR,ABC,DE,52.535,4.658,25.62
1,1,1,1,1,1,1,4L3E,A,65,ARG,ABC,DE,-34.488,-28.432,-2.323
1,0,0,1,1,1,1,4L3E,A,155,GLN,ABC,DE,-25.752,-10.778,1.781
1,0,0,0,1,0,0,4L3E,A,166,GLU,ABC,DE,-24.452,-15.035,-13.284
1,1,1,1,1,1,1,4L3E,D,26,TYR,ABC,DE,-21.205,-29.877,-6.237
0,1,1,1,1,1,1,4L3E,D,50,TYR,ABC,DE,-18.823,-15.773,0.257
0,0,0,0,0,0,0,4L3E,D,52,ASN,ABC,DE,-16.886,-14.881,-5.598
1,0,0,0,1,1,0,4L3E,E,51,TYR,ABC,DE,-31.303,-32.139,9.982
0,0,0,0,0,0,0,4N8V,G,16,PRO,G,ABC,-8.683,6.494,-20.709
0,0,0,0,0,0,0,4N8V,G,44,LYS,G,ABC,-8.179,0.169,-38.845
0,0,1,0,1,1,1,4N8V,G,134,TYR,G,ABC,-16.048,-14.818,-25.209
0,0,0,0,0,0,1,4NKQ,B,170,ARG,C,AB,4.196,-51.087,-16.643
0,0,0,0,0,0,0,4NKQ,B,171,ASN,C,AB,1.633,-51.261,-14.08
0,0,0,0,0,0,0,4NKQ,B,172,TYR,C,AB,-1.571,-49.98,-12.738
0,0,0,0,0,0,0,4NKQ,B,192,ASP,C,AB,5.59,-53.116,-11.71
0,0,0,0,0,0,0,4NKQ,B,193,THR,C,AB,6.499,-55.018,-14.756
0,0,0,0,0,1,1,4NKQ,B,194,LYS,C,AB,8.814,-56.532,-15.563
0,0,0,0,0,0,0,4NKQ,B,195,LYS,C,AB,10.243,-56.546,-13.237
0,0,0,0,0,0,0,4NKQ,B,196,ILE,C,AB,8.622,-58.032,-11.368
0,0,0,0,0,0,0,4NKQ,B,197,GLU,C,AB,8.33,-60.3,-12.896
0,0,0,0,0,0,0,4NKQ,B,225,GLN,C,AB,7.896,-61.99,-21.414
0,0,0,0,0,0,0,4NKQ,B,226,LYS,C,AB,9.078,-61.499,-24.278
0,0,0,0,0,0,0,4NKQ,B,227,LEU,C,AB,12.268,-61.902,-25.225
0,0,0,0,0,0,0,4NKQ,B,228,SER,C,AB,15.806,-61.151,-25.871
0,0,0,0,0,1,0,4NKQ,B,231,ASP,C,AB,19.743,-60.315,-22.305
1,0,0,0,0,1,0,4NKQ,B,281,ASP,C,AB,17.15,-62.458,-15.24
0,1,1,1,1,1,1,4NKQ,B,283,ARG,C,AB,19.451,-57.817,-15.516
0,0,0,0,0,1,1,4NZW,A,96,LYS,A,B,-34.096,-23.136,-18.258
0,0,0,0,0,0,1,4NZW,B,59,GLU,A,B,-15.379,-43.128,-30.153
0,0,0,0,0,0,0,4NZW,B,134,GLU,A,B,-36.908,-24.557,-31.684
1,0,0,0,0,0,0,4O27,A,96,LYS,A,B,24.472,19.844,20.37
1,1,1,1,1,1,1,4O27,A,223,TYR,A,B,0.462,36.012,12.801
0,1,0,1,1,1,1,4O27,B,58,GLU,A,B,-1.37,38.122,22.462
0,0,0,0,0,0,0,4O27,B,138,GLU,A,B,25.139,22.81,32.082
1,1,1,1,1,1,1,4OFY,A,54,GLN,A,D,26.62,-6.767,9.715
0,1,0,1,1,1,1,4OFY,A,56,MET,A,D,23.531,-2.084,13.128
0,0,0,0,0,0,0,4OFY,A,58,ASP,A,D,20.714,3.085,15.409
1,1,1,1,1,1,1,4OFY,A,60,PHE,A,D,23.654,3.838,12.44
1,1,1,1,0,1,1,4OFY,A,105,GLN,A,D,21.97,-6.211,9.199
0,1,0,1,0,1,1,4OFY,A,107,SER,A,D,25.761,-6.773,3.702
0,1,1,1,1,1,1,4OFY,A,108,GLU,A,D,26.168,-5.273,0.374
1,1,1,1,1,1,1,4OFY,D,53,GLN,A,D,33.28,4.592,7.501
1,1,1,1,1,1,1,4OFY,D,61,LEU,A,D,25.314,-0.816,4.445
1,1,1,1,1,1,1,4OFY,D,105,GLN,A,D,30.234,7.937,8.144
1,0,0,0,1,0,0,4OFY,D,115,ARG,A,D,28.694,11.455,12.317
0,0,0,1,0,1,1,4OZG,G,36,ASN,ABJ,GH,198.322,16.964,148.596
1,1,1,1,1,1,1,4OZG,G,38,TYR,ABJ,GH,197.089,17.865,154.539
1,0,0,0,1,1,1,4OZG,G,57,LEU,ABJ,GH,193.472,22.636,153.818
0,1,0,1,1,1,1,4OZG,H,57,GLN,ABJ,GH,190.595,-0.383,162.642
0,0,0,0,0,0,0,4OZG,H,63,ASN,ABJ,GH,186.944,-4.089,164.015
1,1,1,1,1,1,1,4OZG,H,108,PHE,ABJ,GH,185.861,8.814,162.447
1,1,1,1,1,1,1,4OZG,H,109,ARG,ABJ,GH,186.404,7.212,160.446
0,1,1,1,1,1,1,4OZG,H,110,PHE,ABJ,GH,189.248,5.401,159.352
1,1,1,1,1,1,1,4OZG,H,114,ASP,ABJ,GH,190.868,9.73,159.253
1,0,0,0,0,0,1,4P23,C,39,LYS,CD,AB,39.413,-19.451,9.753
0,0,1,0,1,1,1,4P23,C,55,ASP,CD,AB,36.198,-30.276,7.072
0,0,0,0,1,1,1,4P23,C,57,GLN,CD,AB,37.373,-25.55,4.502
0,0,0,0,1,1,1,4P23,C,60,LEU,CD,AB,34.119,-22.387,3.392
1,1,1,1,1,1,1,4P23,C,61,GLN,CD,AB,34.305,-22.268,0.58
1,1,1,1,0,1,1,4P23,C,62,ASN,CD,AB,31.695,-22.67,-0.177
1,1,1,1,1,1,1,4P23,C,65,VAL,CD,AB,30.45,-18.946,-3.179
0,0,0,0,0,0,0,4P23,C,67,LYS,CD,AB,28.158,-15.526,-1.865
0,0,1,0,0,1,1,4P23,C,68,HIS,CD,AB,28.654,-14.626,-4.45
0,1,0,0,0,1,0,4P23,C,72,VAL,CD,AB,24.299,-11.514,-7.949
0,0,0,0,0,0,0,4P23,C,75,LYS,CD,AB,20.829,-7.815,-8.555
0,0,0,0,0,0,0,4P23,D,-13,ASP,CD,AB,24.523,-15.394,-14.707
0,0,0,0,0,0,0,4P23,D,-14,VAL,CD,AB,23.335,-17.924,-12.515
0,0,1,0,1,1,1,4P23,D,-16,LYS,CD,AB,26.177,-22.204,-8.804
0,1,0,1,0,1,0,4P23,D,-17,ASN,CD,AB,25.082,-24.262,-6.034
1,1,1,1,1,1,1,4P23,D,-19,LYS,CD,AB,26.648,-28.68,-1.888
1,1,1,1,1,1,1,4P23,D,-21,LYS,CD,AB,29.395,-31.867,2.841
0,0,0,0,0,1,1,4P23,D,-22,GLN,CD,AB,30.359,-34.382,5.258
1,0,0,0,1,1,1,4P23,D,-24,GLU,CD,AB,34.414,-37.999,8.888
0,0,0,0,0,0,0,4P23,D,-25,PHE,CD,AB,35.512,-39.4,11.779
0,0,0,0,0,0,0,4P23,D,59,GLU,CD,AB,16.98,-24.201,-15.123
0,0,0,0,0,0,0,4P23,D,60,TYR,CD,AB,19.473,-23.988,-16.451
0,0,0,0,0,0,0,4P23,D,63,SER,CD,AB,20.718,-28.64,-17.205
0,0,0,0,0,0,0,4P23,D,64,GLN,CD,AB,23.434,-29.103,-17.397
0,0,0,0,0,0,0,4P23,D,65,PRO,CD,AB,25.346,-31.873,-17.087
0,0,0,0,0,0,0,4P23,D,66,GLU,CD,AB,27.431,-32.31,-15.214
0,0,0,0,0,1,0,4P23,D,67,ILE,CD,AB,26.786,-30.612,-13.131
0,0,0,0,0,0,0,4P23,D,69,GLU,CD,AB,24.425,-34.023,-11.936
1,0,0,0,0,1,1,4P23,D,70,ARG,CD,AB,26.185,-33.993,-9.719
0,0,0,0,0,0,0,4P23,D,72,ARG,CD,AB,22.402,-34.448,-7.457
0,0,0,0,0,0,0,4P23,D,76,ASP,CD,AB,23.329,-39.516,-1.373
0,0,0,0,0,0,0,4P23,D,77,THR,CD,AB,26.101,-39.001,-0.896
0,0,0,0,0,0,0,4P23,D,80,ARG,CD,AB,23.232,-39.738,3.441
0,0,0,0,0,0,0,4P23,D,81,HIS,CD,AB,25.826,-40.541,3.924
0,0,0,0,0,0,0,4P23,D,84,GLU,CD,AB,25.341,-42.224,8.642
1,0,0,0,0,0,1,4P5T,C,39,LYS,CD,AB,8.834,-19.859,-22.505
0,0,0,0,1,1,0,4P5T,C,55,ASP,CD,AB,5.985,-8.84,-24.13
0,0,1,0,1,1,1,4P5T,C,57,GLN,CD,AB,3.662,-13.682,-23.714
1,0,0,0,1,1,1,4P5T,C,60,LEU,CD,AB,2.209,-16.066,-27.332
0,1,1,1,1,1,1,4P5T,C,61,GLN,CD,AB,-0.558,-16.382,-26.905
1,1,1,1,1,1,1,4P5T,C,62,ASN,CD,AB,-1.273,-15.808,-29.454
0,1,1,1,1,1,1,4P5T,C,65,VAL,CD,AB,-4.403,-19.065,-31.088
0,0,0,0,0,0,0,4P5T,C,67,LYS,CD,AB,-3.086,-22.055,-33.908
1,0,0,0,0,0,0,4P5T,C,68,HIS,CD,AB,-5.61,-23.169,-33.444
0,1,0,0,0,1,0,4P5T,C,72,VAL,CD,AB,-9.294,-25.64,-38.134
0,0,0,0,0,0,0,4P5T,C,75,LYS,CD,AB,-9.725,-28.639,-42.139
0,0,0,0,0,0,0,4P5T,D,-13,ASP,CD,AB,-16.219,-21.889,-38.086
0,0,0,0,0,0,0,4P5T,D,-14,VAL,CD,AB,-13.849,-19.255,-38.53
0,0,1,0,1,0,0,4P5T,D,-16,LYS,CD,AB,-10.103,-15.402,-34.807
0,1,0,1,0,1,0,4P5T,D,-17,ASN,CD,AB,-7.404,-13.192,-35.755
1,1,1,1,1,1,1,4P5T,D,-19,LYS,CD,AB,-2.983,-9.062,-33.453
1,1,1,1,1,1,1,4P5T,D,-21,LYS,CD,AB,1.421,-6.283,-30.448
1,1,1,1,1,1,1,4P5T,D,-22,GLN,CD,AB,3.752,-3.806,-29.164
1,1,1,1,1,1,1,4P5T,D,-24,GLU,CD,AB,7.565,-0.882,-24.538
0,0,0,0,0,0,0,4P5T,D,-25,PHE,CD,AB,10.058,0.676,-23.237
0,0,0,0,0,0,0,4P5T,D,59,GLU,CD,AB,-16.494,-12.517,-44.059
0,0,0,0,0,0,0,4P5T,D,60,TYR,CD,AB,-17.797,-12.947,-41.541
0,0,0,0,0,0,0,4P5T,D,63,SER,CD,AB,-18.698,-8.542,-39.782
0,0,0,0,0,0,0,4P5T,D,64,GLN,CD,AB,-18.839,-8.519,-37.11
0,0,0,0,0,0,0,4P5T,D,65,PRO,CD,AB,-18.579,-6.097,-34.857
0,0,0,0,1,1,1,4P5T,D,66,GLU,CD,AB,-16.819,-5.77,-32.608
0,0,0,0,0,1,0,4P5T,D,67,ILE,CD,AB,-14.667,-7.372,-33.436
1,0,0,0,0,0,0,4P5T,D,69,GLU,CD,AB,-13.503,-3.423,-35.24
1,1,1,1,1,1,1,4P5T,D,70,ARG,CD,AB,-11.382,-3.775,-33.472
0,0,0,0,0,0,0,4P5T,D,72,ARG,CD,AB,-9.007,-2.771,-36.881
0,0,0,0,0,0,0,4P5T,D,76,ASP,CD,AB,-2.918,1.926,-35.251
0,1,0,0,0,1,1,4P5T,D,77,THR,CD,AB,-2.443,1.142,-32.559
0,0,0,0,0,0,0,4P5T,D,80,ARG,CD,AB,1.888,2.369,-35.585
0,0,0,0,0,1,1,4P5T,D,81,HIS,CD,AB,2.427,2.811,-32.86
0,0,0,0,0,0,0,4P5T,D,84,GLU,CD,AB,6.94,4.698,-33.373
1,1,0,1,1,1,1,4PWX,A,246,PHE,AB,CD,184.051,-13.535,45.881
1,1,1,0,1,1,1,4PWX,A,250,TYR,AB,CD,188.54,-11.898,49.106
1,0,0,0,0,1,1,4PWX,A,257,GLN,AB,CD,196.304,-6.856,54.694
1,0,0,0,0,0,0,4PWX,A,258,GLU,AB,CD,199.004,-7.119,54.152
1,0,0,0,0,0,0,4PWX,A,308,ASP,AB,CD,185.789,-2.004,61.867
0,0,1,0,1,0,1,4PWX,B,69,LYS,AB,CD,194.334,-25.665,47.17
0,0,0,0,1,0,0,4PWX,B,72,LYS,AB,CD,204.387,-24.125,45.178
0,0,0,0,0,1,0,4PWX,B,75,ARG,AB,CD,200.769,-29.388,41.005
1,0,1,0,1,1,1,4PWX,B,322,ARG,AB,CD,183.13,-21.331,39.917
0,0,0,0,0,0,0,4PWX,C,15,LYS,AB,CD,181.329,-18.082,66.87
0,0,0,0,0,0,0,4PWX,C,23,LYS,AB,CD,182.192,-26.344,57.269
0,0,0,0,0,0,0,4PWX,C,29,TYR,AB,CD,187.127,-28.185,52.049
1,1,1,1,1,1,1,4PWX,C,30,TYR,AB,CD,188.836,-26.247,50.896
0,0,0,0,1,0,0,4PWX,C,31,GLU,AB,CD,187.392,-23.895,51.515
0,0,0,0,0,1,0,4PWX,C,33,HIS,AB,CD,190.149,-23.872,55.084
0,0,0,0,0,1,1,4PWX,C,34,GLN,AB,CD,191.283,-21.302,54.209
1,0,0,0,0,0,0,4PWX,C,37,ARG,AB,CD,192.758,-19.119,58.022
1,0,0,0,0,0,0,4PWX,C,42,ARG,AB,CD,194.211,-12.467,61.89
0,0,0,0,0,0,0,4PWX,C,45,ARG,AB,CD,197.429,-9.875,63.979
1,0,0,0,0,0,1,4RS1,A,45,GLU,A,B,14.575,-16.223,-35.958
1,1,0,1,1,1,1,4RS1,A,48,ASP,A,B,21.505,-17.755,-31.088
0,1,0,1,1,1,1,4RS1,A,99,GLN,A,B,11.362,-12.15,-40.93
0,0,0,0,0,0,0,4RS1,A,108,GLU,A,B,11.405,-4.887,-28.879
1,0,0,0,0,1,0,4RS1,A,109,ASN,A,B,12.521,-7.415,-29.674
0,0,0,0,0,0,0,4RS1,A,111,LYS,A,B,16.091,-5.74,-27.991
1,1,0,1,1,1,1,4RS1,A,112,ASP,A,B,16.08,-8.149,-26.45
1,1,1,1,1,1,1,4RS1,A,115,LEU,A,B,20.461,-8.702,-24.813
1,1,1,1,1,1,1,4RS1,A,119,PHE,A,B,29.567,-12.142,-24.568
0,0,0,0,0,0,0,4RS1,B,171,ASN,A,B,13.522,-21.06,-25.626
0,0,0,0,0,0,0,4RS1,B,172,TYR,A,B,10.382,-22.695,-26.477
0,0,0,0,0,0,0,4RS1,B,193,THR,A,B,16.803,-18.655,-21.551
0,0,0,0,1,0,0,4RS1,B,195,LYS,A,B,17.742,-15.358,-19.12
0,0,0,0,0,0,0,4RS1,B,196,ILE,A,B,16.435,-16.681,-17.142
0,0,0,0,0,0,0,4RS1,B,197,GLU,A,B,18.076,-18.259,-15.577
1,0,0,0,0,0,0,4RS1,B,225,GLN,A,B,24.674,-21.774,-18.219
0,0,0,0,0,0,0,4RS1,B,226,LYS,A,B,27.067,-20.872,-20.75
0,0,0,0,0,0,0,4RS1,B,227,LEU,A,B,28.97,-18.724,-19.746
0,1,0,1,0,0,1,4RS1,B,228,SER,A,B,30.799,-15.605,-19.629
0,0,0,0,1,1,0,4X4M,E,173,LYS,AB,E,-37.471,-78.998,101.772
0,0,0,0,0,0,0,4X4M,E,174,HIS,AB,E,-36.622,-80.506,99.727
1,0,0,0,0,0,0,4X4M,E,175,ARG,AB,E,-36.048,-84.07,99.031
0,0,0,0,0,0,0,4YFD,A,75,ARG,A,B,23.475,-4.956,74.162
0,1,1,1,1,1,1,4YFD,A,196,ARG,A,B,21.423,16.287,50.007
1,1,1,1,1,1,1,4YFD,A,286,GLU,A,B,9.938,26.631,23.959
1,1,1,1,1,1,1,4YFD,B,27,TRP,A,B,13.205,12.036,42.669
0,0,0,0,1,1,0,4YFD,B,30,ASP,A,B,9.191,16.664,47.735
1,1,1,1,1,1,1,4YFD,B,94,LYS,A,B,4.815,29.966,31.862
1,0,0,0,0,0,0,4YH7,A,75,ARG,A,B,-69.437,-32.703,-24.098
1,1,1,1,1,1,1,4YH7,A,196,ARG,A,B,-41.161,-25.583,-38.77
1,1,1,1,1,1,1,4YH7,A,273,TYR,A,B,-14.175,-38.018,-34.032
1,0,0,0,1,1,0,4YH7,B,37,ASP,A,B,-36.703,-36.553,-38.316
1,0,0,0,0,0,0,4YH7,B,292,ASP,A,B,-78.564,-32.114,-27.894
1,1,1,1,1,1,1,5C6T,A,280,TYR,HL,A,-50.851,-28.221,-66.867
0,0,0,0,0,0,0,5C6T,A,281,ASN,HL,A,-51.681,-26.276,-68.877
0,1,0,0,0,1,1,5C6T,A,283,THR,HL,A,-51.062,-24.73,-73.645
0,0,0,0,0,0,0,5C6T,A,284,ASN,HL,A,-48.51,-24.413,-72.404
0,0,0,0,0,0,0,5C6T,A,286,ASN,HL,A,-43.629,-26.259,-72.333
1,0,0,0,1,1,1,5C6T,A,290,PHE,HL,A,-45.997,-32.859,-69.978
1,0,0,0,1,1,1,5C6T,A,292,GLU,HL,A,-48.093,-38.633,-70.698
1,1,1,1,1,1,1,5C6T,A,297,PHE,HL,A,-55.127,-37.867,-74.792
0,0,0,0,0,0,0,5C6T,A,298,PHE,HL,A,-57.019,-34.942,-74.181
0,1,0,1,1,1,1,5C6T,A,299,ILE,HL,A,-58.063,-31.446,-74.366
0,1,1,1,1,1,1,5C6T,H,32,SER,HL,A,-46.036,-39.917,-76.353
1,1,1,1,1,1,1,5C6T,H,102,ASN,HL,A,-47.203,-29.364,-78.348
1,0,1,1,1,1,1,5C6T,H,103,TYR,HL,A,-50.512,-29.424,-77.224
1,1,1,1,1,1,1,5C6T,H,104,PHE,HL,A,-53.436,-27.952,-78.631
0,0,0,0,0,0,0,5C6T,H,109,TYR,HL,A,-41.957,-24.73,-82.309
0,1,0,1,1,1,0,5C6T,L,50,TYR,HL,A,-52.518,-18.895,-82.97
0,0,0,0,0,1,1,5C6T,L,51,ARG,HL,A,-54.758,-21.626,-83.609
0,1,0,1,0,1,1,5E6P,A,1806,TYR,A,B,91.098,-47.437,43.864
0,1,1,1,1,1,1,5E6P,B,66,ILE,A,B,82.418,-48.434,43.244
0,1,1,1,1,1,1,5E6P,B,68,LEU,A,B,79.218,-46.552,48.352
0,0,0,0,1,1,1,5E6P,B,88,ARG,A,B,82.131,-47.844,53.352
0,0,0,0,0,0,0,5F4E,A,71,GLU,A,B,10.553,20.139,91.378
0,0,0,0,0,0,0,5F4E,A,72,ASP,A,B,11.66,22.826,89.246
0,0,0,0,0,0,0,5F4E,A,130,GLN,A,B,9.785,29.062,89.045
1,1,1,1,1,1,1,5F4E,A,157,HIS,A,B,13.647,31.877,102.914
1,1,1,1,1,1,1,5F4E,A,160,ARG,A,B,20.472,26.516,99.534
1,0,1,1,1,1,1,5F4E,B,45,GLU,A,B,26.981,25.645,110.631
1,1,1,1,1,1,1,5F4E,B,62,TRP,A,B,27.685,20.004,106.254
1,1,1,1,1,1,1,5F4E,B,81,LEU,A,B,8.212,22.805,100.41
0,0,0,0,0,0,0,5F4E,B,163,LYS,A,B,13.037,10.102,94.159
0,0,0,0,0,0,0,5K39,B,114,MET,A,B,40.935,1.726,-5.333
0,0,0,0,0,0,0,5K39,B,118,MET,A,B,44.217,-0.815,-0.937
0,0,0,0,0,0,1,5K39,B,121,SER,A,B,45.73,-1.359,3.496
1,1,1,1,1,1,1,5K39,B,148,PHE,A,B,39.939,2.794,10.89
1,1,1,1,1,1,1,5K39,B,154,ILE,A,B,38.432,5.295,1.865
0,0,0,1,0,0,1,5M2O,A,68,ASN,A,B,-7.292,-16.165,30.796
0,1,1,1,1,1,1,5M2O,A,75,ASN,A,B,-3.608,-10.798,31.665
0,1,1,1,1,1,1,5M2O,A,77,LYS,A,B,2.264,-8.401,35.104
1,0,1,0,1,0,1,5M2O,A,79,LEU,A,B,7.754,-5.426,35.321
0,0,0,0,0,0,1,5M2O,A,84,GLU,A,B,11.16,-1.996,39.166
0,1,1,1,1,1,1,5M2O,A,121,HIS,A,B,-1.755,0.064,34.157
0,0,0,1,1,1,1,5M2O,A,124,ASN,A,B,2.078,1.269,41.729
1,1,1,1,1,1,1,5M2O,B,39,ILE,A,B,-4.862,-5.281,39.842
0,1,1,1,1,1,1,5M2O,B,40,SER,A,B,-2.722,-3.608,40.511
1,1,1,1,1,1,1,5M2O,B,43,VAL,A,B,1.361,-5.848,41.704
1,1,1,1,1,1,1,5M2O,B,47,GLN,A,B,7.094,-5.808,44.028
1,0,0,0,0,0,0,5M2O,B,54,LYS,A,B,13.168,0.097,49.014
0,1,1,1,1,1,1,5M2O,B,83,GLN,A,B,-3.722,-11.891,40.472
0,1,1,1,1,1,1,5M2O,B,87,LEU,A,B,-8.88,-12.153,36.813
0,0,0,0,0,0,0,5TAR,B,15,PHE,A,B,52.966,119.367,93.566
0,0,0,0,0,0,0,5TAR,B,20,MET,A,B,49.804,124.514,107.64
0,0,0,0,0,0,0,5TAR,B,32,TRP,A,B,49.305,126.168,117.307
1,1,0,0,1,1,1,5TAR,B,88,GLU,A,B,57.416,106.172,117.781
0,0,0,0,1,1,1,5TAR,B,90,TRP,A,B,53.07,106.266,112.524
0,0,0,0,0,0,0,5TAR,B,116,GLN,A,B,52.521,107.52,130.396
0,0,0,0,0,0,0,5TAR,B,129,ILE,A,B,60.646,114.135,113.223
0,0,0,0,0,0,0,5TAR,B,133,PHE,A,B,55.418,110.963,101.944
1,1,1,1,1,1,1,5XCO,B,6,PRO,A,B,4.85,-20.477,-6.285
1,1,1,1,1,1,1,5XCO,B,7,LEU,A,B,6.703,-18.966,-4.888
1,0,1,0,1,1,1,5XCO,B,8,TYR,A,B,7.044,-18.703,-1.487
1,1,1,1,1,1,1,5XCO,B,9,ILE,A,B,4.756,-16.869,0.293
1,0,0,0,0,0,1,5XCO,B,10,SER,A,B,3.48,-15.464,3.074
1,0,1,0,1,0,0,5XCO,B,11,TYR,A,B,0.944,-14.347,3.428
1,1,1,1,1,1,1,5XCO,B,12,ASP,A,B,-0.457,-14.963,1.134
0,0,0,0,0,0,0,5XCO,B,13,PRO,A,B,-3.212,-16.642,0.133
0,0,0,0,0,0,0,5XCO,B,14,VAL,A,B,-3.205,-19.065,-1.345
